recipient_raw,count
詞,264
章,137
進,112
前,93
人,65
君度,59
友人,56
李次公,53
別,50
匪懈堂,48
韶,44
韵,43
板上,41
辭,40
公,39
叔強,38
絶句,37
奉答,36
李 達,36
春,35
諸公,34
子固,34
酒軒,33
答之,32
日休,32
奉呈,31
左右,30
上黨韓公奉使朝京,30
呈,28
唱,28
行,28
子美,28
正中,27
似,26
文淵,25
壁上,24
李侍郞,24
云,24
僧,24
陽谷,24
鍾陵山居,24
次韶,24
示,22
鄭,22
峻上人,22
大虛,22
贈,21
洪日休,21
書狀,21
拙,20
民望待制,20
呈民望待制,20
銀臺諸學士詠梅詩韵,20
永川君遊長源亭,20
淵明飮酒,20
子文,19
敬甫,19
酒,17
愚谷,17
蔡子休,17
尙,16
李平章 仁植 虔州,16
霞隱,16
金毫隱,16
鄭子文,16
洪益城,16
敎,16
酒軒枕流堂諸景,16
君式,16
余之,16
魚子游東州道院,16
和白樂天病中,15
白樂天病中,15
近所爲詩數篇,15
韓山君,15
武溪酬唱,15
御製望遠亭,15
箕叟,15
內省諸郞,14
李,14
詩云,14
吉甫,14
仲,14
蕃仲,14
伯氏,14
集賢諸公,14
狎鷗亭御製,14
希籍,14
客,13
錄呈,13
寧城,13
淡叟,13
成重卿,13
永安節度使魚相國 有沼,13
勿翁,13
叔,13
呈似,12
家兄,12
宗工鄭相國,12
來,12
省郞諸兄,12
李斗岾,12
友,12
姜晉山,12
御製,12
子休,12
尹叔保,12
麻川子陪申左相遊西湖,12
御製狎鷗亭詩 幷,12
御製狎鷗亭,12
獻紅旗侍胥,12
叔度,12
金使相季昷按湖南,12
徐達城,12
琴軒,12
朴評事 英健 赴寧邊幕,12
古人,11
成,11
家君,11
所,11
詩累篇,11
漁隱,11
權吉昌,11
東軒,11
吳同隣,11
金子固,11
武靈,11
孫,11
郡守曺君 大虛,11
呈郡守曺君 大虛,11
枕流堂,11
退溪,11
曺,11
季文,11
季文寄余之,11
李學士 百全,10
寄,10
桃梨,10
安康李先生,10
予去年蔚州所作東萊,10
鐵州,10
同館諸公,10
族叔金史官㺶,10
籌室,10
東亭,10
康節邵先生春郊,10
半刺先生,10
予詩累,10
領議政河公 崙 感興,10
廣州牧使安 魯生,10
御製邀上王賞蓮,10
金牧使,10
吳隣兄,10
次公,10
吉昌權相公,10
岑上人,10
淸寒,10
諸先生,10
洪兼司成翁字,10
洪司成,10
永川卿遊長源亭,10
府相李韓山,10
正使韻 開城小詠,10
正使朝鮮雜詠,10
世蕃,10
金僉樞,10
淸心樓,10
雲錦樓,10
同年江陵府使曺 淑沂,10
東坡用歸去來辭集字,10
崔台甫先生,10
達城相公漢都,10
文淵之襄陽,10
文淵之遊嶺南,10
金克儉 士廉,10
李希剛 長坤 出鎭西塞,10
山舍從學諸生,10
贈山舍從學諸生,10
主人,9
答,9
茶,9
寄曆,9
曆,9
前詩來贈,9
諸君所賦山呼亭牡丹 幷,9
河郞中,9
詩 幷,9
遠,9
座下,9
諸生,9
松菌,9
歌,9
半刺先生所示淮陽府使李恒,9
淮陽府使李恒,9
義州板上,9
權參議,9
明谷上人,9
全州東軒,9
工部,9
永川卿,9
洪吏部,9
洪節度 伯涓 之鎭,9
日本使僧正球首座,9
金大猷,9
伯仁,9
書狀秋懷,9
韓都事 健 還湖南,9
與齡還晉山,9
酒軒示,9
以禮,9
峽中,9
惠文長老水多寺,8
寺,8
贈之,8
李相國復和虔州,8
虔州,8
復和李相國,8
李相國,8
朴石齋,8
行軒,8
張生,8
金同年,8
鄭仲孚蔚州,8
樓,8
安密直歸山,8
李政堂,8
韓同年,8
金,8
松軒,8
先生,8
韓山君所示,8
座上諸公,8
道境,8
前牧伯鄭公,8
崔典書服盡還朝,8
羅判事使日東 本官上章自行,8
陶,8
鄭 宗誠,8
李參議 孝仁,8
城宰舅氏,8
密山漁叟朴 撝謙,8
南秀才,8
權正卿,8
洪麻川,8
求和,8
沈判閣別墅詩卷,8
別燈谷祖上人還山,8
副使,8
吉昌相公,8
李僉正,8
福慶,8
永川卿林亭,8
北京,8
希哂,8
專師,8
贈專師,8
士廉,8
金使相宗直按湖南,8
朴艮甫,8
李檢詳 顆 赴京,8
留守相公,8
韓幼公氷新莊,8
曺 大虛 西都,8
成監司 俶 出按慶尙道,8
御製宮中,8
達城相公題冏上人山中,8
獻之,8
魚灌圃子游,8
碧蹄別,8
兩君,8
耆叟舍人,8
堂頭,7
朴學士揔和前,7
李侍郞復,7
題,7
李柳兩令公唱和詩 幷,7
伯父,7
酬韓山君,7
爲,7
李大提學領完山日所寄,7
扇,7
新及第邊 處厚 所寄,7
金敎授口號,7
野堂,7
巖遁,7
東窓,7
頤齋及金代言,7
西坡子,7
高,7
上河東府院君,7
晉山君,7
之衢,7
李監正 仁全,7
日本僧,7
申司成兄,7
以送,7
李德輿,7
秦寶城,7
金浩生詩卷 幷小敍,7
戲呈寧城,7
行詩卷,7
幾仲,7
任子深,7
吳居士,7
平仲,7
守伊上人住松廣寺,7
日本釋子,7
權花川赴燕京,7
東坡,7
藏義寺讀書諸公,7
李節度季童鎭鏡城,7
山中道人,7
希尹,7
丁不騫,7
朴伯仁,7
金近仁,7
兩天使,7
百源,7
校理申 次韶,7
中,7
大虛 之關東,7
日本僧杏林亭,7
安子挺,7
仲仁,7
玄山居士,7
使相,7
玉汝,7
綏之歸中原村莊,7
京畿都事黃君,7
謝魚子游惠貺,7
嶺伯金玉耳 璫,7
東峯居士,7
李斯立 鶚 韻 謫巨濟時作○,7
座主尙書避難過維陽寵示,6
希朗和尙,6
湛之,6
崔相國詵和黃郞中題朴內園家盆,6
之什,6
奉寄,6
書,6
歐陽,6
李侍郞復和桃梨,6
河郞中見和復惠之,6
復惠之,6
河郞中復,6
答家兄,6
唐,6
○本集,6
座主陽坡先生北山途中所,6
呈座下,6
鐵原侍中座下,6
韓孟雲,6
西隣,6
煕菴大司徒,6
賞蓮,6
兩君子,6
海隱先生,6
呈海隱先生,6
日本文溪禪人還歸,6
偰刺史寄道境,6
半官先生山城反庫次有感,6
泥村李居士,6
李居士所贈,6
楊半刺對葵吟,6
民望,6
答安注書,6
安注書,6
平田詩卷末,6
樂甫李學士來座下,6
中慮,6
次,6
古,6
李迂齋,6
徐學生,6
尹觀察 弼商○,6
監司,6
醴泉懸板,6
穩城東軒,6
洪日休游津寬洞後賡金浩生詩卷,6
洪麻川韻 解在前篇下題,6
次秦寶城,6
泰安東軒,6
唱 庚午○見倪馬皇華集 次,6
忍上人,6
金察訪 崇老 還水站,6
座上,6
日休陪左相遊西湖,6
沈判事 璿 豐壤別墅,6
申左相,6
吳,6
李之安,6
崔同年彥甫,6
行軒云,6
李安撫同年,6
江原朴觀察使 楗,6
盧贊成 思愼○,6
別詩幷,6
公兩先生,6
永川公子,6
逍遙亭,6
金留守 自貞○,6
李玉如,6
逍遙亭權兄,6
曹咸陽 偉,6
柳正郞 陽春 還鄕,6
日本僧送元鷟,6
元鷟,6
李直講 孟智,6
百祥樓,6
正使,6
朴判書 元亨,6
永川卿遊松都,6
御製樂府,6
人奉使日本,6
李中樞 約東,6
仁齋,6
玉堂諸先生,6
李太學士平仲,6
安東趙敎授,6
贈安東趙敎授,6
善源,6
彥升,6
晉山相公,6
士孝,6
子俊,6
李留守 約東,6
正上人,6
柳公薈,6
靖節勸農,6
靖節答龐 參軍,6
龐 參軍,6
江陵東軒,6
艮甫,6
金士廉,6
江原都事丁不崩 壽岡 朝京且,6
權叔強,6
御廚珍果,6
崔浪仙,6
風月亭韻 代人,6
日本僧元鷟詩軸,6
朴彬可,6
健叔之咸陽,6
兼之,6
崔次玉,6
崔觀察使子眞 淑生,6
君度示,6
呈君度,6
人遊松都,6
瑞山樓題,6
李希醇 名繼孟,6
丁不崩,6
相國,6
顆之韻 李顆,6
季敍之,6
仲擧,6
金秀才,5
全履之,5
太守,5
新賃草屋,5
寄之,5
詩也,5
金侍郞敞和朴拾遺文秀題公所蓄,5
朴拾遺文秀題公所蓄畫牡丹,5
像,5
愚谷先生 後,5
父,5
鄭仲孚遊杭州謁丞相,5
示同里諸君,5
同里諸君,5
思菴,5
葵軒,5
金月塘所寄詩韻 臺卿字仲始,5
詩韻 臺卿字仲始,5
安政堂,5
韓簽書,5
新米,5
也,5
偈曰,5
李秀才就赴安東書記,5
忠州諸君酬唱,5
給事中兩鎭撫,5
尹,5
曾惠,5
曰,5
元少卿,5
元都領,5
金先達貂,5
氷亭弟,5
半刺先生所寄,5
金海燕子樓,5
權侍史 弘 點馬,5
金狀元 子粹,5
裵山人 衷,5
贈朴先生 免,5
朴先生 免,5
縣宰李 達,5
縣守李 達,5
李而立,5
邑宰,5
趙相,5
日本師,5
柑,5
行詩軸,5
韓予濬 時體察,5
贈韓予濬 時體察,5
權吉昌詩韻 吉昌詩曰,5
吉昌,5
禪宗判事 壽眉 師還道岬,5
原川尹竹軒詩卷,5
吳隱君,5
士顧,5
仲鑾坡春日雜詠,5
金上舍之驪江,5
方斯文 文仲,5
日休求和,5
日休陪高陽左相遊西湖,5
送日本釋秀彌首座,5
日本釋秀彌首座,5
成內相同年,5
李同年次公,5
咸吉道副元戎康同年 孝文,5
尹淡叟,5
題西原,5
洪應之,5
鄕人崔上舍 孟淵,5
善山權太守同年,5
金侍御,5
全羅道觀察使金公 永濡○,5
黃海監司李公 封,5
伯氏平安監司李公 坡,5
孫水部,5
道庵上人還白奄寺,5
鄭僉樞僚兄合眷還鄕,5
李玉如省墓歸善山,5
權大司憲 健 謫南,5
忠淸金監司 礪石,5
副使工科給事中王敞漢江,5
正使和,5
姜晉山邀津寬住持專上人,5
鄭執義 忻,5
永川君 定 遊長湍石壁,5
崔 勢遠,5
金善山 宗直 之任,5
人南歸,5
卜校尉,5
善源還伽倻舊居,5
日本西海元帥源敎直使者,5
台甫,5
貞甫韵,5
鄭山陰蘭秀秩滿拜監察還京,5
子眞,5
柳氏女,5
楊秀才浚,5
師聖,5
子健,5
鳳棲樓,5
李都事除直講還京,5
尋隱上人歸故山詩卷,5
悅上人遊,5
靖節歸園田,5
鳴,5
人之餘航,5
之實等諸賢,5
李公景元赴任安東,5
咸昌城主曹侯倜還邑,5
安子珍,5
金子胤,5
永川君松都懷古,5
克冏禪師,5
敏修禪師,5
丁校理 壽崑,5
別李君 昌臣 還京,5
參判金公 宗直,5
呈參判金公 宗直,5
洪判官之任慶源,5
朴彬可韻 仲儉,5
朴彬可見寄之,5
金希輿之任北道,5
虛菴,5
浪叟,5
奉希醇,5
平安李節度使希剛,5
金大猷 宏弼 上畢齋先生韻,5
敍之,5
擇之,5
止亭挹翠,5
不磷子完翼之案頭,5
李相公觀察關西,5
成進士 聃齡 投贈,5
畿伯金玉耳 璫 ○,5
別元之兄出按關北,5
眉叟,4
鄭書記,4
洪書記,4
崔相國 惟淸 留題,4
文長老,4
紅杮,4
天壽寺,4
幷,4
復用前,4
妓,4
內省金相國仁鏡,4
諸子,4
予餉柿,4
李平章復和前,4
李學士 百全 復和前詩來贈,4
來贈,4
李平章 仁植 和山呼亭牡丹見,4
山呼亭牡丹,4
李平章復和牡丹,4
牡丹,4
朴學士,4
丁秘監寫墨竹,4
雞冠花,4
子,4
李侍郞見和桃梨,4
紅柹,4
朴學士見和寄曆詩親訪贈之,4
寄曆詩親訪贈之,4
曆詩親訪贈之,4
王太子元日令製 幷序 祝聖壽,4
王太子元日令製 幷序 祝令壽,4
李兪諸公題任副樞 景謙 寢屛,4
歐梅感興,4
金相國 諱坵 題中書省未開芍,4
行云,4
季明叔雲錦樓,4
辛草亭山中見寄詩韻 裔,4
詩韻 裔,4
邸下,4
沈佐郞詩韻 東老,4
愚谷詠,4
順菴,4
喜晴,4
辛草亭,4
原功相國,4
若齋,4
閔仲晦先生,4
鷄林裴府尹,4
諸君子,4
蘭坡,4
葉孔昭江南,4
壺字,4
金同年前後所寄,4
金司空,4
倫絶磵,4
崔安東,4
禹,4
酢,4
舅氏,4
呈松軒,4
岩遁,4
呈靑城君鄭,4
杜工部,4
崔侍中在盈德時答朴書生,4
金海妓玉纖纖云,4
林副令孝先,4
李樞相次,4
河廉使,4
愼村相公,4
都元帥李相公出征倭寇 今太上,4
徐,4
呈漁隱,4
李大提學 行,4
朴雙溪,4
張祭酒,4
家兄所示,4
宋牧伯政滿如京,4
書云,4
牧伯詩云,4
詞云,4
前刺史河公,4
前刺史閔公題徐奉翊郊居詩 幷,4
歡喜堂頭,4
泂,4
山人角之,4
李令公崇仁,4
李公令 宥,4
趙芸閣 璞,4
半刺楊先生所示按節鄭公題洪川,4
按節鄭公題洪川客館,4
招之,4
宜州松亭,4
金按部,4
驛,4
天民州判,4
如大虗,4
全羅道按廉鄭揔郞 釐○,4
浮碧樓,4
李待制,4
韵奉簡知申事子通學士 權執經,4
知申事子通學士 權執經,4
承命上道,4
嘉章,4
靈通社主寄扇成政丞詩韵,4
扇成政丞詩韵,4
所作關東雜詠,4
伯瞻見贈韵,4
天使,4
弟執義,4
吏曹諸公,4
李判事兄 贇,4
奉,4
早梅,4
燕子樓,4
昌寧龜庵,4
僧還山,4
黃,4
雨亭先生,4
靑城君,4
鷄城君,4
永嘉君,4
偰揔制,4
韓山文靖公賀太祖捷雲峯凱還,4
陸主事 顆 林行人 士英 還,4
慶州倚風樓,4
李校直生員 昭,4
縣倅李 達,4
沃川郡守趙 憐,4
金 安重,4
侍從諸友,4
鄭判書,4
李塏,4
李正郞而立,4
權司諫 孟孫,4
禹使君,4
江原道兪監司 孝通 還朝,4
辛參判 碩祖,4
栗甫,4
金府尹 吉通○時任全州敎授,4
禪上人,4
成均列位,4
辛賢契 永孫幷敍,4
翰林韻呈仁山,4
仁山,4
學追上人,4
金敬甫,4
高陽政丞見和金中丞孟,4
洞中諸先生,4
羅州崔子初,4
咸吉從事官,4
浩堂師南遊,4
姜領議政,4
琴以詠,4
高山寺,4
前韻來惠,4
寧城諸公,4
來示,4
倪內翰大人文几,4
詔使倪內翰,4
內翰大人文几,4
文几,4
呈副使,4
永川公子園中,4
仲 侃○,4
金耆伯 崇老 察訪忠淸,4
李主簿,4
鄭子文持平,4
李僉樞,4
高太常漢江,4
耆伯之任咸悅,4
日休詩韻詠蠅,4
金察訪同年 孟○,4
前韻寄淡叟,4
咸吉道監司康 孝文,4
趙進士,4
金耆伯,4
茶墨椒脯,4
茂松,4
趙直提學 秋 廣州村墅,4
孫同年,4
瓜,4
梁中樞 順石 出尹慶州,4
吉城金太守,4
金參校,4
鯉魚,4
吳同隣詩韻 孝永○,4
許都廵察使,4
金參判 永堅 赴京,4
敬敏上人還,4
心上人,4
平安李觀察使,4
姪李判官之任安州,4
永安道申監司,4
李敎授 晟 之任公州,4
永川崔使君 潤身,4
崔校理 溥 奉使耽羅,4
申從事 從濩 鴨江之行,4
安邊南府使 季堂,4
鄭大司成 孝恒,4
李郡事 調元,4
自浿江至生陽舘有,4
正使寄題箕子廟,4
題箕子廟,4
副使重登百祥樓,4
正使鴨綠江別,4
成進士 侃 雜,4
丁正言 克仁 辭官還鄕,4
金文學 壽寧,4
金文學,4
義州牧端午,4
金太僕 湜 畫竹,4
忠州板上,4
尙覲親,4
祖和尙覲親,4
琉球國使自端上人,4
御製重賦狎鷗亭,4
江原朴監司 楗,4
專上人歸慶尙,4
尹相出巡慶尙道救荒,4
李平仲,4
姜國鈞,4
申高靈所寄,4
龍泉驛,4
奉勑祭西太,4
鄭學諭 致韶 之大丘,4
仲平,4
景胤,4
萬齡臺卷閑亭韵 盧龍仁鐵堅父,4
台甫書懷,4
尹洪川志詩軸,4
日本藺上人,4
金觀察使雲峯所寄韵,4
晉山君至日,4
玉如,4
余求和,4
時叔,4
通之兄,4
翼峴柳使君,4
李參判 全粹,4
黃海監司李蕃仲 封,4
靖節停雲,4
靖節時運,4
李安孫士休以遣懷,4
曹使相偉,4
江原都事丁公壽崗朝京且歸,4
聞喜縣宰黃君㻶,4
尹內乘湯老點馬嶺南,4
忠淸都事閔士孝 師騫,4
李邦衡,4
東萊守,4
英叔,4
自馨,4
判府事之行來自驪州,4
高陽彥 缺,4
忠州慶延樓,4
崔周卿,4
忠淸申節度使,4
權同知支卿 柱 赴燕京,4
仲容,4
梁沃之赴任北邊,4
鄕老朴成倫,4
李 國耳,4
姜 用休,4
映湖樓,4
許獻之,4
伯符,4
金府尹赴全州,4
柳牧使之任尙州 文通○,4
林川郡守之任,4
情人,4
前韻奉呈,4
東坡雪,4
遼東邵圭先生 幷敍,4
朱夫子感興,4
監司金佔畢,4
東峯 附東峯和,4
持正,4
崔載淸,4
季父子寅之嶺南,4
子彥,4
大茂,4
東坡書王晉卿畫,4
靑松府使柳震卿 陽春,4
朴大茂示,4
東隣安判相軒下,4
姜相公 希孟 病中,4
李子俊節度永安道,4
韶輓詞,4
觀察使,4
達城相公,4
李仲匀之任義城,4
遼河道中,4
希醇,4
礪原 宋軼 畫屛,4
蕭海釣和謝祭酒,4
謝祭酒,4
蕭海釣醫巫閭山,4
閔掌令 士孝○,4
李進士穆,4
金典籍秀文赴召 時修成廟實錄,4
權君平丈,4
野書問,4
仲野,4
野仲虛,4
次野仲虛,4
黃孟獻 按察嶺東,4
直卿贈余之,4
文度兄喜雨,4
亨仲,4
佳什,4
公亮行史,4
盧相國 思愼 孝思亭詩帖,4
松風亭,3
長句,3
呈湛之,3
寺呈幢師,3
幢師,3
人後有感,3
住老,3
餞客,3
板上諸公,3
第,3
金正言,3
李侍郎眉叟寄權博士敬仲責辟糓,3
權博士敬仲責辟糓,3
書記,3
金承宣良鏡和陳按廉湜,3
陳按廉湜,3
廉按使金郞中,3
文學,3
堂頭禪老,3
康先輩哭丈大禪帥 幷,3
炭,3
崔學士 宗粹 和舊詩見訪 此,3
舊詩見訪 此詩乃內願堂大禪師,3
李侍郞 需 又以前韻詠黃紅靑,3
濟州守 崔安 以前所寄詩韻問,3
詩韻問訊,3
李平章 仁植 和符字,3
符字,3
朴學士 仁著 和蛙字,3
蛙字,3
復答之,3
土卵,3
朴,3
河郞中復和寄曆,3
朴學士復和寄曆詩親訪,3
寄曆詩親訪,3
曆詩親訪,3
龍腦及醫官理目病 幷,3
源禪師見和前,3
鄭同院哭沼蓮,3
答西海李按部,3
西海李按部,3
題玉龍寺,3
玉堂金君承戊,3
金相國 諱坵 朝退,3
洪睡齋,3
松廣和尙,3
州,3
越松亭,3
權,3
凍魚,3
南尙書,3
以名馬,3
恥菴,3
和成,3
以高,3
白常侍存撫江陵 文寶,3
李正郞,3
襄州樓上,3
復呈,3
藝文諸公,3
仲 溫,3
金晦翁 㬫,3
任同年,3
京都故舊,3
贈裴察訪,3
裴察訪,3
陽軒,3
江陵道廉使徐佐郞,3
陶齋,3
廉知申事,3
仲晦先生,3
砧上人歸金生寺,3
題完山記室華同年詩卷,3
定慧瑚大禪師,3
林椽所贈,3
李郞中 岡○,3
新粒,3
韓弘同年,3
全羅鄭廉使 名履,3
久矣,3
開城,3
呈開城,3
大姨夫閔判事,3
普光兄,3
忠州牧使金存誠,3
呈忠州牧使金存誠,3
年魚,3
靑苧,3
寄乃翁,3
乃翁,3
庸夫,3
去,3
廉東亭,3
惠文兄,3
幻菴,3
西隣孟雲先生,3
呈西隣孟雲先生,3
呈金司空,3
尹令公,3
呈尹令公,3
蓮語,3
全羅崔按廉 名關,3
鮎魚,3
紙,3
竹菴不及,3
惠生鮮,3
榮州板上,3
李太常,3
郭,3
柏亭相國,3
李丹陽,3
江陵李使君,3
寄贈,3
葵軒丈,3
同舍諸公,3
揚廣廉使安諫議,3
章 元揆,3
鄭判書宇,3
江陵海隱先生,3
萬里同年倅安東,3
牛後,3
呈牛後,3
騎牛盤石,3
舍弟,3
李判事,3
騎牛道人,3
舍弟副令赴東北面都元帥幕,3
文溪禪人還歸,3
呈行軒,3
戲答,3
陽春,3
安同年 仲溫,3
詩于牧伯云,3
趙奉善贈李柏堂詩韻 時柏堂呂,3
李柏堂詩韻 時柏堂呂江安置,3
金進士所贈詩貂,3
詩貂,3
歡喜堂大老,3
大諫所寄,3
詩字,3
諸同舍,3
木菴朴東雨,3
祝少卿,3
謝之,3
香林堂,3
黃生員,3
席上諸公,3
僧南歸,3
麟角,3
鏡上人還山,3
辭 自註,3
詩于我大父誠齊相國,3
韓舍人赴咸安,3
進士韓有文歸覲西原,3
楊廣薛按廉 稱,3
孔伯共 俯 赴西北面,3
鄭捴郞,3
巖遁詩韵,3
報令監務次巖遁詩韵,3
前韵,3
祝少卿使還,3
韵寄鄭政堂 擢○自註,3
鄭政堂 擢○自註,3
永嘉君賦雪,3
詩戒予,3
黃庭,3
鐵原東軒,3
頤齋,3
金敎授,3
金山,3
權逸民送梅竹盆,3
梅竹盆,3
楊州東軒,3
明正庵,3
京都李先達,3
酒谷,3
中慮兼東西館諸友,3
大司憲,3
酒谷人家,3
閔佐郞 義生,3
崔典書,3
同年郭參判,3
商山南長寺,3
退隱翁軒題,3
縣倅李達,3
劉敎官詠靈臺,3
弟仁川郡事 潔○辛丑,3
趙承旨 瑞康,3
安平大君瑢,3
侍講倪先生使還,3
崔伯常,3
李使君,3
趙子敬,3
安上人,3
朴承旨慶胤 仲孫,3
朴仲孫,3
金崙 戊子丙科吏曹正郞郡守,3
鄭承旨 而漢,3
河東府院君,3
正因寺雪峻長老,3
臺山悅和尙,3
檜庵哲首座,3
右議政,3
徐學士,3
吳孝永監察,3
具綾城,3
朴判閣 健順,3
日本上人,3
學祖上人,3
蓬原先生,3
崔直提學歸田,3
雪峻上人,3
祈兵部,3
金 永濡 相國,3
溫陽扈從諸賢,3
長興東軒,3
光州東軒,3
高山東軒,3
南原廣寒樓,3
安岳東軒,3
匪懈堂詩帖 皇明景泰元年,3
李保仁牧晉州,3
尹之望兄,3
金浩生往黃海,3
孝宁大君,3
孝寧,3
淳昌兄,3
呈淳昌兄,3
權承旨 自恭 歸葬安東,3
具分臺 信忠,3
曹平安監司 孝門,3
成川降仙樓韻 北征還,3
谷口軒板,3
鍾城東軒,3
慶興東軒,3
會寧東軒,3
成川府使辛永孫,3
咸陽兄,3
玉果東軒,3
慶尙監司盧叔,3
咸吉康監司,3
判禪宗 仁允,3
謝朴延城 元亨,3
李廣陵,3
姜景愚,3
黃南原賀登極而還,3
許琮赴咸吉兵使,3
別濟州安撫使文公 汝良,3
李廣城 克堪,3
謝呈,3
次韻謝呈,3
金參議 永濡 年兄赴京,3
金濟州 好仁,3
金濟州,3
昌寧府院君,3
江原監司李克墩,3
工部秋晴,3
工部中宵,3
諸公送別金執義分臺永興詩卷,3
別金執義分臺永興詩卷,3
李執義同庚 季町 分臺濟州,3
荒句,3
高韻 附內翰,3
濟州李安撫使,3
李淸甫學士,3
德輿,3
密陽嶺南樓,3
應之題山房,3
楊根東軒,3
日本釋文溪,3
吳監察詩韻 永孝,3
尹同庚之任宜寧 子濴,3
贈別,3
蕭進士山海登樓,3
尹宜寧,3
平安監司曹同年,3
鄭知常,3
尹淡叟庚兄,3
內翰陳先生 鑑 謁聖,3
陳內翰漢江,3
洪日休同年,3
尹同年 子濚 佐幕慶尙道,3
太祖御製,3
耆伯,3
淡臾,3
送,3
者數,3
吳同鄰,3
同年申中丞 自繩,3
頤叟,3
尹淡叟同庚,3
岑上人訪林亭,3
之翰○,3
浩堂軒上人還海印寺,3
天使金 湜𪚥竹,3
濟州李判官 某 之任,3
李執義 季町 兄分司濟州,3
子深,3
成上舍遊關東,3
沈護軍園中,3
寫眞裴護軍,3
申大司成同年,3
仲息上人遊楓岳,3
芮同樞 承錫 朝正,3
李僉正 瓊仝,3
李韓山,3
河東鄭,3
權判事同年 得經 休官侍親之,3
琴同年以 以詠 寄,3
李 玉如 掌令,3
蒲筍,3
戒浩上人覲親歸平山,3
禮曹許判書巡察平安道,3
蕃仲丈,3
崔佐郞 信漢 出守順安縣令,3
尹壯元還鄕榮親,3
黃海道權都事 景禧○,3
永安道李節度 季仝○,3
晉州尹判官,3
金中樞歸善山,3
金中樞同年再按黃海道,3
河敎授還慶州,3
全州崔敎授,3
曹博士榮親還鄕,3
黃海道朴監司 繼性○,3
全羅李都事,3
具僉樞往浴公州溫井,3
金山權太守,3
李判書 封,3
權僉知 節,3
平安道李評事 宗準○,3
春菜,3
遺事,3
金子固雙溪齋,3
權逍遙亭,3
長湍別墅,3
慶尙成監司 俶○,3
徐斯文 赳 之任谷山郡,3
安岳尹太守 晳,3
金都事 浩 斯文,3
謝恩使成中樞 健○,3
望遠亭,3
富林君之湖南,3
忠州黃牧使 允亨○,3
忠淸道姜都事 參○,3
沔川李使君 禮全○,3
盧大司成 自亨 乞退還鄕,3
鳳山環翠樓,3
副使却女樂,3
副使謁聖,3
正使謁聖,3
驪州淸心樓,3
綱,3
春坊書懷,3
人問病,3
地主,3
陳內翰,3
菁川子姜景愚希顏如京,3
送能濟禪師,3
能濟禪師,3
永川卿云,3
公州東軒,3
永川卿定,3
天水亭,3
達城,3
浩上人歸覲,3
權應敎 健 如京師,3
芮忠年登武擧榮墳于瑞山,3
永川君 定 遊通津,3
伯 嘗奉使箕城,3
殷勤,3
豐基板上,3
朴子啓出按江原道,3
淡叟出牧晉州,3
人赴燕京賀千秋節,3
日本國僧,3
諸公韵,3
板上韵,3
醴泉北樓韵,3
京留數日,3
鄭密陽亨,3
李節度使,3
却寄,3
李節度使赴鎭韵,3
鄭比安 名仲處,3
玉如內相,3
林元翁,3
仲氏苽堂,3
善源元翁韵,3
大虛歸覲,3
金方伯自貞,3
題李參議堅義積城別墅,3
鄭觀察使 文烱 赴永安道詩卷,3
子啓相公,3
金僉正 湘 奉使耽羅,3
金昌寧 驥孫,3
尹狀元達莘榮親歸鄕,3
李上舍繼孟,3
示冠山東亭,3
冠山東亭,3
康甥之任咸安,3
金校理 訢 奉使日本,3
敏上人,3
人感別,3
惜春,3
秋扇於,3
明府,3
李生之鄕,3
靖節形影神,3
宋少尹處儉,3
胡椒茶具,3
少陵,3
大同樓船,3
原州,3
詠月樓,3
忠州東軒,3
藂石亭,3
前韻以賀之,3
洪同知翁字,3
洪,3
近仁,3
廣原李士高,3
子启,3
支卿出按嶺南,3
金近仁宰珍原,3
大同江,3
梁都事賀還忠淸觀察幕府,3
尹內乘 湯老 點馬嶺南,3
權堤川君饒 景裕 以寓感意,3
張監司 順孫 出按全羅,3
柳侯子淸 濱 赴任古阜,3
李都事仲勻 宗準 赴嶺南監司,3
公 淑瑊,3
李次公 淑瑊,3
曹叔奮隨伯氏赴京,3
李水使,3
申次韶,3
統軍亭雜題曺大虛申次韶,3
軒,3
張寧漢江樓,3
牛師,3
仁叔,3
南原半刺年兄,3
海印寺壁上,3
曺 大虛,3
李子俊出鎭永安北道,3
趙伯符,3
崔斯立,3
陽城,3
坡州牧使李掄,3
全羅都事尹君之行,3
表御史關西之行 沿沫,3
兪修撰 好仁 覲親 公以親老,3
李都事之任湖南用達城君,3
鄭僉樞 孝恒 捧香文化之行,3
煕卿見寄之,3
壻金安老,3
孟御史 漁陽陽樊驛,3
送答,3
子惕書壁上,3
子終孫化去,3
靑鶴洞,3
洪相 貴達,3
梁伯英,3
義城聞韶樓,3
宋可中 軼,3
庶弟叔奮 伸 ○,3
鄭虛菴江南叉魚之樂,3
許獻之 琛 ○,3
韶復入玉堂,3
金太僕 湜,3
從弟存愼,3
贈從弟存愼,3
成安齋重卿 任,3
德優,3
城西,3
稔上人之,3
浩浩,3
次韶秋夜書懷,3
達城相公送閑上人之智異山,3
閑上人之智異山,3
叔強謫歸南方,3
正叔,3
希剛,3
李子厚赴任濟州牧 名㙉,3
洪州樓題,3
曹靜齋 尙治 子規詞 金東峯,3
叔父,3
叔父韻 附叔父贈,3
鄭密陽叔韻 諱蘭茂,3
府尹之行,3
景浩,3
寓庵,3
止亭,3
止亭挹翠相唱,3
洪相國,3
老釋祖雨,3
耆伯亨仲,3
恭敬諸君,3
關東伯閔耆叟 壽千 巡軒,3
京畿黃都事,3
彥謙,3
吳巒秀才惜別,2
演之,2
眉叟弟僧纘之,2
隱者,2
皇甫若水,2
存古上人,2
若水,2
李相國 知命 見贈長句,2
金蘊 珪題 觀音院,2
友人梅花,2
尙州鄭書記,2
崔伯環,2
皇甫淵,2
天院洪校書,2
前韻奉答,2
尹學錄春曉醉眠,2
李君,2
春吟,2
張學士自牧,2
聆公,2
柳承宣,2
美人,2
宿船中,2
櫻桃 後復經,2
宿德淵院,2
舍弟澕隨父之東京,2
金君,2
趙亞卿冲見和 亞卿,2
亞卿,2
板上資玄居士,2
板上諸學士,2
坐客,2
寄答,2
崔平章讜致仕閑適,2
駕幸晉康侯第亭御製 與禁內諸,2
月首座贈趙侍郞冲,2
趙侍郞冲,2
陳學正澕聞琴,2
梁校勘,2
李程校書惠芹,2
西京倅劉舍人沖祺,2
琴相國喜得外孫有,2
崔平章洪胤,2
兩相,2
吳拾遺夢林,2
通判鄭君,2
貳車,2
壁上諸賢,2
孫吏部哭趙相國冲,2
金承制仁鏡謝規禪師贈歸,2
歸,2
詞 大上皇母,2
劉大諫冲祺喜門生進士金允升,2
和西伯寺住老敦裕師,2
西伯寺住老敦裕師,2
李郞中百順賦雨中紫牡丹,2
金樞密仁鏡哭琴相國,2
扶寧郡,2
謝古阜大守送薦枕及美酒生雉,2
薦枕及美酒生雉,2
堂頭老比丘,2
竹州,2
朴拾遺,2
金相國仁鏡,2
同寮李相,2
疾蠅,2
樂天,2
樂天心身問答,2
詠白,2
李學士 百全 見和寄曆,2
李公需,2
李學士 百全 見和前篇,2
前篇,2
李平章 仁植 和朴侍郞 絪,2
朴侍郞 絪 所贄,2
李亞卿 需 用李平章韻寄多般,2
多般菜種,2
宋朝播禪老寄空空上人 幷序,2
播禪老,2
空空上人 幷序 贈播禪老,2
空師,2
花,2
林亞卿 成幹 見和菜種詩及地,2
菜種詩及地棠,2
金壯元 莘鼎 見和菜種,2
菜種,2
李學士 百全 和贈御留歡,2
贈御留歡,2
御留歡,2
親字,2
前詩來貺,2
家泉,2
學士和侍郞朴絪乞菊栽,2
侍郞朴絪乞菊栽,2
丁秘監 而安 求墨君,2
朴學士還加耶琴,2
李 百全 學士復和內字韻詩見,2
內字,2
李 需 侍郞饋桃,2
前所寄絶句,2
李學士和雞冠花,2
李百全學士復和雞冠花,2
朴學士和籠字韻詩來贈,2
籠字韻詩來贈,2
李學士再和籠字,2
籠字,2
李同年見和來贈,2
丁秘監 而安,2
冬至曆黃柑子,2
李學士 百全 用丁公,2
丁秘監復和謝曆柑,2
謝曆柑,2
李學士復和此,2
李相國 仁植 和籠字,2
籠字韻詩見寄 幷,2
丁秘監 而安 和前所寄,2
前所寄,2
李學士和謝丁秘監墨竹影子詩見,2
李平章見和兼邀飮,2
兼邀飮,2
復和,2
江天暮雪,2
遠浦歸帆,2
瀟湘夜雨,2
平沙落雁,2
煙寺暮鍾,2
山市晴嵐,2
漁村落照,2
洞庭秋月,2
河郞中 千旦,2
禪師,2
酸梨碧桃,2
春州守和前,2
丁學士見和寄曆,2
丁學士復和寄曆,2
英禪者見寄 來詩意,2
來詩意,2
芸閣李學士需,2
李侍郞需,2
李起居郞見和雪,2
雪,2
空空上人,2
李侍郞需餞庾濟州 弘蓋 廻文,2
李侍郞需復和鬱懷,2
鬱懷,2
李侍郞需廻文長篇,2
李侍郞需和桂枝香詞,2
桂枝香詞,2
旨酒寒氷,2
李由之賀生女,2
劉沖基金君綏兩翰林拜贈,2
林天院,2
恩門金相國評題嚴君山齋相國,2
諸賢,2
寄東界營主李尙書實椿,2
東界營主李尙書實椿,2
王郞中贈柳枝,2
柳枝,2
谷城使孫舍人得之所贈,2
答堂頭禪老,2
壁上韻示大𪚥,2
大𪚥,2
安君孝德贈會仙率兒,2
會仙率兒,2
西院歇禪師風甌頌,2
懶庵居士,2
安集使金中書 諱祿延 題竹軒,2
金翰林之員,2
李史館仁挺哭任大師 諱景肅歷,2
崔官長嚳垂訪,2
宋相國,2
尙書侍郞,2
李東菴赴安東,2
李蒙庵,2
張秀才,2
許獻納,2
元復初學士贈別,2
呈趙學士 子昂,2
趙學士 子昂,2
柳政丞 淸臣,2
同知貢擧洪,2
小樂府,2
愚谷賀齊閔,2
拙齋,2
淡菴,2
大菴金相國 承澤,2
東坡蜜漬荔枝,2
巽亭詩韻 南兢,2
東界存撫使,2
鈍翁 公以子凌祠堂記,2
檜山,2
思亭金判書伴王祕卿降香金剛山,2
拜呈愚谷先生,2
愚谷先生,2
常軒 安震,2
愚谷銀杯,2
金相公,2
諸翰林,2
許存撫使 夢仙鄕,2
呈愚谷,2
牧丹,2
齋,2
橘茶,2
式無外遊江南,2
全羅閔按廉,2
友生,2
友人還鄕,2
辛代言東歸,2
克禮州判,2
仲始司藝,2
韓相國,2
洪陽坡提擧赴征東儒學,2
示兒子訥懷,2
兒子訥懷,2
寄金同年天祚,2
金同年天祚,2
洪陽坡,2
和洪陽坡提擧賞芍藥,2
洪陽坡提擧賞芍藥,2
答南宜春,2
南宜春,2
李密直,2
哭竹軒,2
同年張寺丞,2
松亭居士,2
高城壁上,2
萬景臺,2
臨漪亭,2
陽山縣,2
連山,2
鴻山所題,2
柳參軍 之澤 赴雞林幕,2
禹吉生直長遊燕京,2
孫承奉還松京,2
季明叔理問見訪有,2
式無外上人遊燕京將之江南,2
蔚人,2
內舍南君兢,2
家兄思謙見寄 貶守蔚州日作家,2
諡文克,2
貶守蔚州日作家兄䫨,2
春軒,2
尙州朴使君 光厚,2
崔諫議,2
金山新住老,2
中原崔全州,2
天台圓長老,2
蔡判書,2
中菴上人,2
安和中菴上人,2
郭政堂立春,2
詔書誥命兩副官人,2
光州朴奉翊,2
兄巖天澤上人,2
點擢進士,2
同年崔散騎,2
養浩堂,2
李中書,2
京華故舊,2
寺壁上鄭狀元韻題中菴,2
日本通信使,2
襄陽李使君,2
安少監按廉入城廻,2
奇集賢歸覲,2
伯父贈行詩韻寄呈,2
水原,2
行詩韻寄呈,2
閔童子,2
田御史祿生,2
于家,2
傅子通應奉奉使東平,2
西臺御史,2
晉州李判官,2
同年全記室,2
鑽木菴,2
巽亭,2
顏字,2
鄭知事赴朔方萬戶府,2
南巽亭存撫江陵次,2
呈伯父,2
齋宮,2
觀禪師歸淸涼,2
菊墅 姓方,2
廉郞中詩卷 國寶,2
鄭淸風,2
春丁膰肉,2
鄭簽書年兄,2
金左尹,2
新稻米,2
曹溪大選自休游日本,2
東京全同年,2
俗離山法住寺僧統,2
李開城,2
奉賀林大參,2
宗伯開城,2
史官,2
朱同年,2
涼席,2
韓上黨,2
雞林尹河壯元,2
法泉僧統,2
楊碧雲老先生,2
朴甥讀書鄕寺,2
縣,2
克,2
子孫,2
韓弘同年戲,2
圓齊,2
至,2
曲城大人座下,2
朴學士座下,2
安邊張子溫令公,2
懷,2
判書設食,2
脯,2
伯至廉使,2
銀魚,2
乾獐,2
尹密直赴雞林,2
鹿脯,2
奉答走筆,2
走筆,2
麴生,2
密城,2
金按廉,2
茶適至,2
沈商議拜掃先塋,2
龍頭次,2
東北面都巡問和寧尹張公 孝溫,2
于野,2
酒食,2
米及醬瓜,2
朋酒白粲,2
黜陟令公,2
呈黜陟令公,2
烏川,2
驪興權知郡,2
海州族長,2
簽書,2
玄判書,2
姜同年靜軒先生,2
呈姜同年靜軒先生,2
白米,2
甁栗金判事,2
同舍,2
韓祭酒,2
言朴諫議 大陽 嘗爲同年安吉,2
陶杆城,2
淸澗驛萬景臺,2
呈吳密直,2
吳密直,2
江陵官舍,2
檜岡,2
酬竹菴,2
竹菴,2
詩譏行成之語,2
呈韓山君,2
尙州牧使鄭 良生○,2
靑城君鄭,2
韓山君詩韻上崔判,2
鄭都官,2
吾,2
長篇,2
字伯中,2
李壯元伯中,2
新茶,2
朴書生,2
呈廉東亭,2
佳,2
示絶句,2
韓山君初夏,2
廉東亭詩韻  東亭,2
遼東使桑公 按桑公名麟,2
卓先生,2
偰副令按江陵,2
尹大司成,2
權可遠,2
李翰林 行 歸覲,2
孔主事 名觀,2
復州呈王指揮,2
王指揮,2
列位指揮相公,2
柳按廉珦,2
嵒房日本僧永茂,2
鐵原府院君在盈德所著,2
僧天鑑,2
崔卜河,2
海上人,2
西海廉使,2
李長興,2
搢紳諸公皆賦,2
權判書出尹雞林,2
樞齋李先生,2
金元帥 先致,2
菊軒相國,2
張及先輩,2
淸州判官覲省全州詩卷,2
詞 子慶壽彌壽才及第未久而逝,2
希顏丈,2
漁隱先生東亭相公 廉興邦,2
全少尹,2
酒肉禦寒,2
全羅鄭廉使,2
牧伯相公,2
安東府使 安仲溫,2
雲谷先生 朴承制爲戲,2
雲谷先生雪後見寄之什,2
廉使,2
朴代言,2
同年李典像,2
江陵廉使叔謝石硯,2
呈同舍諸公,2
康子野相賀之什次,2
禁內諸君,2
金獻納,2
忠州李使君,2
禹宰相 玄寶,2
柳簽書 源,2
章 成味,2
方秘書,2
海州牧,2
李仲正,2
張司藝,2
寄趙判事 云仡,2
趙判事 云仡,2
與境會,2
騎牛先生,2
完山府尹,2
融上人詩卷諸公,2
邊判襄州都護,2
柳,2
覺演禪師,2
定州板上,2
高城守李陟,2
天使祝孟獻,2
契融,2
契融上人,2
之以菩提子念殊,2
題鄭復周廬墓詩卷,2
題僧詩卷,2
柳爰廷宰臣還京,2
呈騎牛道人,2
羅州牧使李需,2
李騎牛,2
僧尋師智異山,2
櫟菴歸住淸平壯,2
朴平齋 可恒 贈成槪,2
成槪,2
金醉翁愛酒與菊,2
淸川伯曼陁羅花,2
咸州板上,2
薛稱詩卷,2
楊州新亭,2
李尙書所示,2
通浦縣板上韻 淮陽刺史康永洵,2
宋牧伯,2
同年金費所贈,2
師尊隣角大禪翁所贈,2
曺溪參學允珠遊嶺南詩 幷,2
崔向上安乙所贈,2
元少卿立,2
春州拱北亭,2
趙侍郞所寄,2
詠池蓮,2
詩次,2
之曰,2
春州辛大學所寄,2
同年金 偶 舍人,2
尹壯元所贈詩云,2
詩卷,2
似座下,2
都兵馬使偰相君返旆如京,2
牧兵馬使周相君,2
趙奉善元日,2
尙國,2
頌云,2
歡喜堂頭所贈,2
鄭禮安陪大兄判書歸覲草溪,2
金生員祖,2
高達寺李大禪師 義澄,2
李相國 宥,2
元契長立,2
元承奉赴伊川監務詩 幷,2
趙中書璞,2
鄭公向楓岳關東,2
邊竹岡慠利名詩書千卷後,2
詩卷後,2
義圓長老,2
兔山守所示詩韻 郡守重修鄕學,2
詩韻 郡守重修鄕學,2
奉福君 神照大禪師,2
酒泉公館獨坐有感,2
宋獻納,2
諸生秋日,2
胡若海照磨還台州 東人詩話曰,2
愼生員,2
康,2
全史官,2
船窓上,2
天使陸主事𪚥顆,2
副价林行人 士英,2
謝恩使,2
祝少卿題壁,2
雨亭,2
趙石磵先生,2
野堂喜雨,2
鷄林倚風樓,2
陜州涵碧樓,2
柳山人 爰廷,2
李學士詹,2
南生員,2
黃州客舍,2
原州東軒,2
金開城,2
隱峯禪師,2
遁翁,2
廉東亭扈駕長湍,2
李知郡,2
金秘監回自京師,2
息谷,2
金若齋,2
顯菴,2
祭酒先生,2
祭酒,2
訥村先生內相宗盟,2
訥村先生內相宗盟求敎,2
贇上人還山,2
同行評理相君,2
廉大博,2
實周主事,2
諸友,2
拜星見寄詩韻呈禹大諫,2
禹大諫,2
詩韻呈禹大諫,2
息谷吉祥山之行,2
誥院諸公,2
冏公智異山之行,2
門生韓有文之西原覲親,2
金少年自知之陽山,2
前朝都觀察使王公 康,2
全齋李先生賀樞齋李正尹蒙受賜,2
金同年 摯,2
朴免,2
送金遂良歸川寧,2
金遂良歸川寧,2
埜堂許揔郞 錦○,2
李祗候 結○,2
西隣李舍人 結,2
李相國 我太祖 引月凱還,2
栢庭禪師,2
金大諫,2
金副令方礪歸金海,2
趙判事,2
漁者丈前口號,2
遼使詩韻 桑麟,2
鄭揔郞西都所咏,2
李待制韻 詹,2
巖遯,2
余公,2
惠銀魚,2
龍宮郡守奉牋入賀新正,2
卞博士 季良,2
伯瞻春日見寄韵,2
伯瞻韵,2
禮部陸伯瞻使還,2
送伯瞻使還,2
伯瞻使還,2
林行人使還,2
使臣少卿祝孟獻韵,2
祝少卿冬至詩韵,2
鴨綠江邊,2
韵謝雨亭蓴羹見餉,2
雲岩禪老詩韵 省敏,2
南贊成事 在 韵,2
薛直提學 偁,2
賢孫參知座下李 升適,2
魯谷李同年 恒茂 詩韵,2
公之孫壻代言孟公,2
韵奉送孔漢城 俯 承命往韓州,2
鄭判事 節○時被劾在仁州,2
弟執義 遇 詩韵,2
謝東北面都巡問使林公 整 魚,2
朴淸道 晉○完山人,2
李待制詹,2
金純仲狀元赴任密城,2
柳思菴,2
韓州李,2
呈韓州李,2
舊里平原君趙雨亭璞,2
陸禮部,2
章天使,2
牛山長老卷上韻 名契融,2
皇帝賜本國世子,2
舍弟如京 時陪家君居星山,2
澄粹軒詩韻 法林寺軒西,2
裴錦山見訪留,2
東北面都巡問使呂公,2
寄金海裴黃庭,2
金海裴黃庭,2
章寺丞,2
端木待詔,2
壯元葛亭先生,2
景福宮別殿前新池,2
蘭大師,2
裴錦山,2
驪興淸心樓,2
遁山禪師,2
按部柳公 時謫居完山蒙赦還鄕,2
以賀,2
驪興樓,2
東萊,2
金剛舍,2
鷄林東軒,2
光山金同年,2
金直講,2
永嘉君暮春,2
閔執義,2
朴生,2
法泉珪上人,2
許柏亭詠梅,2
東北界監司,2
虛舟,2
許公之任公州,2
李古城,2
麻田東軒,2
知申事,2
閔執義 渫,2
盈德城樓,2
金大卿之任商山,2
朴江陽,2
梅軒,2
全羅按廉,2
陽谷約重,2
李典書,2
原仲,2
金獻納 益精 赴忠淸道觀察使,2
公州牧伯契兄,2
江西寺許義郞 䀭,2
韓高城,2
千峯老僧,2
融上人還山,2
驪城君奉使金陵,2
漁村先生,2
槐庭權先生 澹 判牧公州,2
博,2
朝廷使臣章謹,2
李肅州 申 之官,2
趙大司成 庸,2
金府尹尹于完山兼節制,2
禹府使 均○,2
慶尙按廉許 周○,2
申都觀察使,2
樗亭先生,2
永,2
般若寺板上,2
琴參議 柔 之江陵,2
天使謁聖,2
送天使倪侍講司馬給事中復命還,2
天使倪侍講司馬給事中復命還朝,2
永同縣守李 達,2
從弟中樞 堧,2
楓川金公 訓,2
梨亭甲戚閔公 普光,2
贈李公 達,2
李公 達,2
贈李 達,2
智勒寺消暑樓板上,2
𪚥宰,2
咸昌辛監察 待弘 燕右,2
金敎官 薰 集句詩韻 原韻集,2
崔司直,2
沃川郡伯趙 憐,2
管城趙使君,2
沃川郡伯趙君,2
送 辛酉,2
辛酉,2
羅州牧使,2
李都憲 垠 尹慶州,2
李慶州 垠,2
忠淸監司,2
領議政贈詩請宴,2
詩請宴,2
安中樞 止 送辛濟牧 處康,2
辛濟牧 處康,2
辛參判 引孫 贈鄭判書,2
黃守身,2
李思哲,2
鄭木傍淵字,2
柳義孫,2
李承諒,2
給事中司馬先生使還,2
雨千峯,2
浩上人,2
容菴上人,2
季興上人,2
舍弟 方謹,2
鼎覺山人,2
朴元戎 成陽○,2
章錄事如京,2
鄭相國,2
舍弟 方敬○,2
城宰,2
趙壯元 瑞康○,2
友之慶州,2
順興朴府伯 宜形○,2
李水砧判官之京,2
許判事 耆○,2
荒岳修上人,2
陳別監 安 覲親還鄕,2
趙判奉常 瑞康 巡陵歸咸吉道,2
咸吉道金節制使,2
明谷,2
李判原州 磻,2
人還鄕,2
權參判,2
趙亨父戚丈,2
趙司諫,2
前永川金使君,2
敬差官 時敬差官訪問民間利害,2
法泉村舍,2
權承旨 孟孫 乞藥,2
兪監司 孝通,2
丘崔楊鄭,2
金吉通,2
羅州亞牧姜 老 少之 晉州人,2
張獻納 繼弛,2
張舍人,2
藥,2
文郁沙彌入香山,2
安俊爲安峽縣監,2
大明使翰林陳鑑,2
贈別光山入京,2
延城君,2
朴詹事仲孫巡陵,2
廣川丈赴京,2
洪同年 敬孫○,2
朴延城,2
人築城,2
送倪謙,2
倪謙,2
咸興少尹李公 宗謙,2
順天東軒韻 府古有,2
光州,2
康津萬德寺萬景樓,2
集賢諸僚,2
樂安東軒,2
寶城東軒韻 前春,2
獒樹驛樓,2
安,2
平安監司金連枝,2
送兩天使還京師 丁丑,2
兩天使還京師 丁丑,2
鄭敬差宗周,2
鄭子文 此下,2
之衢相國座下,2
上黨府院君韓 子濬 咸吉道都,2
金中丞孟,2
金中丞年兄,2
敬甫先生,2
仲章,2
淸甫,2
萬從,2
乞墨 吉甫,2
子鏗,2
祈大人成均,2
侍講倪先生使還 皇明景泰元年,2
給事中司馬先生使還 公乃溫國,2
京友,2
全羅李監司,2
子濬,2
鄭憑甫兄,2
黃海監司朴同年 健順,2
平安金監司 謙光,2
別忠淸李監司 承召,2
忠淸李監司,2
同僚 扈駕椒水,2
安州處置使,2
金注簿 挈 覲親詩卷,2
鄭兄 軾 出守寶城,2
平安兵使監司,2
煕川東軒,2
永柔東軒韻 從弟薛榮祖爲守,2
咸興東軒,2
正卿,2
吉州東軒,2
鏡城東軒,2
承政院,2
呈承政院,2
高山站軒朴延山,2
平安監司曹行源,2
韓子濬體察咸吉,2
蓬原府院君,2
尹之望,2
之望兄,2
左相吉昌,2
金浩生,2
明信師,2
上天使素竹,2
上天使金湜贈畫竹,2
畫竹,2
濟州號牌御史姜遇文,2
贈濟州號牌御史姜遇文,2
同年慶尙鄭監司 文炯,2
忠淸監司金公 震智,2
姜中樞 希顏,2
寄申司成兄,2
朴左相延城奉使嶺南看牧場,2
濟州節度金同年 好仁,2
永安鄭監司,2
同年洪僉知 敬孫,2
寄司成兄,2
司成兄,2
李專粹,2
楊淵舊契,2
朴府尹 需,2
仁濟館板上,2
洪判事 逸童,2
昔年通信使高得宗,2
僕與子厚,2
京洛諸公送行,2
古阜李使君 保仁 詩軸,2
呈上天使陳內翰 鑑,2
上天使陳內翰 鑑,2
慶源東軒,2
會寧東樓板上,2
上天使金湜,2
副天使遊漢江,2
上天使遊漢江,2
寄金執義 孟 韻 金曹示自題,2
金執義 孟 韻 金曹示自題定,2
自題定平軒,2
權留守 攀 廣陵別墅,2
同年金正言 淸 詩卷,2
琉球國使東自端詩 幷小,2
示寧城,2
李光後之平安道求新地,2
鄭河東,2
邀和,2
郭山孝女,2
留別之,2
內翰,2
內翰辭,2
祈戶部江之水辭,2
副使 代人,2
僧還日本 名盛孫,2
應之,2
正使寄永膺大君,2
永膺大君,2
集賢諸同僚,2
趙子昂絶句,2
仲脩撰,2
諸僚,2
方斯文,2
金翰林,2
梁奉使,2
宋僉樞奉使日本 處儉,2
書狀官李注簿 覲,2
尹宜寧同年 子濚,2
尹同年,2
許都事赴平安節制幙下,2
兩相鈞軒左右,2
別墅,2
康參判巡察咸吉道,2
咸吉道巡察使康參判同年,2
金同年 好仁 赴北靑,2
康元戎,2
李司藝 繼孫 謫熊川,2
吳君,2
公于第,2
姜景愚赴京,2
菠菜子,2
金佐郞佐幕慶尙道,2
申知諫 自繩 同年,2
尹同年 子濚 分巡慶尙道,2
金子固赴韓相幕,2
李僉樞 宗儉,2
書有細雨梨花情景撩人之語,2
崔吏部,2
子固端午,2
花山,2
淸寒遊檜岩寺,2
岑上人訪林亭有,2
永川卿蓮亭夜飮,2
金同年分巡咸吉道,2
權執義 侹 分巡南道,2
尹同年 禮卿 楊根村墅,2
送興德林太守 壽昌○,2
興德林太守 壽昌○,2
咸吉吳監司,2
生薑,2
直夫,2
李同年安撫濟州,2
豐基金太守,2
僕題省中畫屛,2
咸吉李節度同年,2
永川公子借種杜鵑花,2
濟州牧使金同年 好仁,2
賀,2
風水僧,2
先生案求酒債,2
高同隣 台鼎 被劾不仕,2
專上人,2
誾上人還龍門寺,2
金僉樞 石山,2
牛溪李姨兄,2
吳丈,2
金僉樞 石山 寄,2
李參判 克墩 朝天,2
趙提學村墅,2
李大司成 陸 榮親于槐山,2
雪岑上人,2
列坐,2
錄似,2
朴監司,2
芒鞋,2
水鍾允上人,2
孫上舍同年,2
善山金太守,2
尹鴻樞和,2
水州柳上舍村居詩卷 孝寬○,2
忠淸梁使相,2
晉州李牧使 壽生,2
慶尙觀察使金同年,2
辛書狀 季琚 赴京,2
閔斯文 奎,2
子固以戲,2
高同隣,2
菊,2
姜承旨 子平 貶所,2
鄭元戎之鎭,2
寧海鄭太守之官,2
全羅吳節度,2
朴大諫先生,2
花牋,2
權參議德原別墅,2
白魚,2
公有贈,2
禮曹李參議出牧羅州,2
韓參議以安胎使歸大丘,2
林太守,2
酒債,2
金子固甕浦別墅,2
賀登極副使武靈柳公 子光○,2
賀正使李參贊 崇元,2
權花川 瑊,2
權參判 健宣慰關西,2
濟州崔敬差 溥○,2
濟州崔敬差,2
咸陽曹太守 偉○,2
潭陽南府使 季堂○,2
金堤崔太守,2
正使翰林侍講董越登漢江樓,2
櫻桃,2
權翰林,2
表掌令 沿沫 分巡平安道,2
雲峯卓使君之任,2
慶源黃府使 士恭○,2
禹節度使 賢孫○,2
過博川,2
道憩亭中小酌,2
副使詩過臨津,2
良策驛,2
敎耳,2
逾兼金,2
副使龍頭峯,2
副使重過龍泉,2
副使寒食寓鳳山,2
正使淸明寓黃州有感,2
副使次祁正使,2
正使重過大同江,2
正使萬景樓,2
兩使大人,2
正使留別,2
朴讓詩軸,2
尹牧使子濴,2
河相國演,2
成進士,2
失子,2
高太常,2
陳內翰留別朴判書 元亨,2
尙州牧,2
成川辛府使詩 幷,2
鄭大監,2
尙州金判牧,2
御製賜判中樞安止,2
梅,2
天安宣化樓,2
永川君 定,2
敎官,2
金判官 漬,2
日本僧秀藺,2
鄭參議 蘭宗 榮墳,2
祁兵部題金參議赴京還出關圖,2
李侯出宰咸從,2
湖南節度使,2
宋判官赴沔川,2
金使君宗直乞郡,2
明使祁戶部 順 遊漢江,2
金可權奉使對馬島,2
平壤庶尹,2
李民曺赴嶺南幕,2
李參議出按忠淸,2
鄭修撰 淮 赴黃海監司幕下,2
許楊川 琮 巡察平安道以禦北,2
敬敏首座還臺山,2
壻李學正 孟思,2
伯 塤,2
我于沙門外數,2
金化縣,2
平海金使君 慶孫○,2
表侄南子順,2
讀書諸先生,2
中書堂板上李舍人,2
金修撰 宗直 作宰咸陽,2
金修撰 孟性 謫居,2
襄陽壁上,2
張內翰,2
詩作松竹圖,2
李交河,2
洪相公 應之○,2
成景武,2
從駕景靈宮,2
敍懷,2
金太守,2
李子野赴京,2
郞,2
靈通寺西樓,2
陜川東軒徐參判 居正,2
崔正字,2
林興德 壽昌 之任,2
靈山,2
楊通判,2
永川新郡守崔公 顥,2
希禹淡叟韵塞命,2
李靈山紬詩軸,2
徐相 居正,2
李漢城,2
承文院諸公,2
諫院諸公,2
韵還寄,2
仲兄,2
崔說書,2
淡叟韵,2
孫鳳山,2
子房之任龍潭,2
韵洪州東軒,2
留之志,2
遠人,2
崔監察榮赴晉州通判,2
東萊靖遠樓,2
梁司直德富詩軸,2
演雅,2
我直廬,2
申惠翁贈聡上人,2
聡上人,2
朴司諫安性,2
仁山府院君晉州東軒韵,2
高靈申相公,2
與玉堂修史錄,2
鄭敬差 永通 矗石樓所寄,2
金郭,2
僉使左右,2
善源却寄,2
申高靈相公 忠孝非殊致,2
韵林川金使君漬,2
晉山君京洛所寄,2
祖謙,2
尙衣院鄭正永通,2
李正言 孟專,2
龍宮,2
楊持平子由送朴掌令孝元韵,2
朴掌令孝元韵,2
權生員,2
李正郞貞元 時李餽余棗煎,2
以海雪,2
權監正 得經,2
于縉紳間,2
元參奉槩李生員承彥諸子韵,2
鄭比安 仲虔 韵,2
成均館諸公韵,2
鄭剛叟,2
曺伸,2
安陰訓噵韓同年從愈,2
鷗波軒,2
沔川時詩軸,2
彩筆,2
密陽柳府使壤,2
通之,2
梁都事 舜卿,2
金直長駿孫,2
朴高城始行之任,2
鄭正,2
方訓噵,2
鄭寧海仁耘,2
水鍾誼上人,2
鄭河東 獜趾 祈郞中 順,2
李主簿赴咸吉道楊節制幕,2
金牛峯嶟之任,2
全寧海 白完○,2
安富驛,2
恩上人還海印 戒恩號淸谷,2
李密陽 仁享○密陽以余得男爲,2
以復,2
李牧使 有仁 之任羅州,2
琴東萊 徽,2
士廉內相,2
金承旨,2
兵使李相公,2
富林君 湜,2
子俊令公贐行,2
金敎授 孝貞○,2
子俊相公,2
野雲,2
咸陽守金季昷,2
李觀察赴江原道,2
李都事出幕慶尙,2
具節度 文信 赴平安鎭,2
柳之柔,2
李直提學 亨元 奉使日本,2
柳別提,2
敏師惠襪,2
學梅,2
仁上人,2
仁師還鄕,2
善行,2
長湍閔處士,2
趙大丘退休詩卷,2
友人之枕江亭,2
移居,2
春懷古田舍,2
敎官舊友,2
淵明和郭主簿,2
竹西樓韻倚,2
洪川東軒,2
旌善東軒,2
之實,2
江華東軒,2
尹經歷 淡叟,2
朴觀察使 捷,2
矗石樓,2
于後,2
欽差副使張瑾,2
唐韻寓時興,2
日本國中山僧道誾,2
人出葬,2
泰仁東軒,2
成罄叔,2
務安守權平仲,2
公樂驛壁上鎦忠,2
曹大虛,2
撝光軒右,2
梁山澄心軒,2
艮甫中秋月,2
沈克孝,2
全羅監司李蓀,2
姜晉山先生,2
竹山,2
延豐,2
監司鄭公崇祖,2
南宮都事璨赴嶺南,2
安邊府使朴始行赴任,2
柳都事湫,2
金直提學勘宣慰日本使者行,2
柳侯子淸赴任古阜,2
河南公左右,2
量田敬差官朴彬還歸故鄕,2
同行諸相,2
李侯 元成 宰金溝,2
龍泉館,2
車輦館,2
宋參判仁寶 瑛 赴京賀千秋,2
李 景元,2
同年崔上舍淑文新堂,2
左議政,2
李國耳 昌臣 惠,2
朴相公 安性 由禮判出按關西,2
李衡仲,2
高副使,2
平澤東軒韻 並,2
高陽申公 浚 赴永安道觀察使,2
裵 季厚 赴任禮安,2
安東府使李 景元,2
柳希明,2
盧希亮 公弼,2
金季昷,2
朴艮甫 兼山,2
東門迎席,2
崔判官 潤身 赴任尙州,2
李撝光 謙,2
朴伯仁 孝元,2
金進士 粹洪 歸尙州,2
河南君鄭孝叔,2
李藩仲謫居,2
東萊主人咸陽郡伯,2
務安東軒,2
恩津東軒,2
趙主簿 淑,2
咸吉道評事張景胤 末孫,2
寄柳公,2
柳公,2
西北人,2
盧希亮,2
書狀口號,2
邵鎭,2
蘆峯口驛壁上,2
安州百祥樓,2
觀風樓徐達城,2
燕子樓先君,2
昌原碧寒樓,2
歙谷東軒,2
春川鳳儀樓,2
平海東軒,2
寧越北樓,2
憑虛樓,2
竹西樓,2
成川降仙樓,2
千秋使朴性之安性,2
登極進賀使盧右相思愼赴京,2
正朝使延原君李公崇元,2
兩使百祥樓,2
有本,2
唐杏,2
盆菊,2
希明,2
姜晉原赴京,2
許獻之 琛,2
金使相 宗直 按察湖南,2
善行浮屠,2
新寧客館,2
臨鏡堂,2
曺大虛重遊藏義寺,2
張,2
任判官北征,2
丹城東軒,2
同棲諸秀才,2
伯雪太守,2
呈伯雪太守,2
安國寺義禪師,2
慧師往倻山,2
中師還修道山,2
性旭歸狼山,2
能禪師,2
普海諸君子,2
金留後,2
逍遙堂姜文會,2
金益性,2
草溪沈太守,2
娥林交代子柔,2
春塘先生,2
祈順天使,2
戲,2
豐基大先生,2
舍弟好禮,2
張宛丘,2
洛江觀水樓,2
斷俗住持,2
茂朱東軒,2
唱雜,2
玉林禪,2
旅懷,2
陜川東軒,2
黃海李監司封,2
節,2
副使陽城君,2
道叟示見之,2
見之,2
招撫使金判校之永安道,2
洪判官 泂 之任慶源,2
金校理赴京,2
期叟見寄之,2
權君饒時同直玉堂,2
遂初春雨,2
期叟病榻,2
呈期叟病榻,2
中朝使王敞遊漢江,2
國耳先生,2
黃參議之任慶源府使,2
尹巨源,2
李都事 世佑 赴嶺南,2
蟾上人,2
忠淸道監司朴 安性,2
家兄伯仁,2
李槐山之任,2
酒與魚,2
賞花釣魚,2
閔書狀官,2
房潤甫,2
樓上題詠,2
姜使君年伯,2
子珍,2
遼東敎授官韻 以𪚥聖節使赴燕,2
別德優歸嶺南田園,2
姮娥老娘,2
申使君 胤宗 守永川,2
崔鎭國,2
別我,2
東峯,2
女壻和叔,2
瓊法主,2
別東峯先生之春川舊隱,2
金千齡,2
默齋,2
使,2
金禮翁口占,2
穩城板上,2
連上人,2
柳彥博 溥,2
呈酒軒,2
魚舍人落職歸鄕,2
金寶城希輿之任,2
燕城君金子彥 俊孫 示,2
大同江韻 回文,2
大茂示,2
酒軒簡,2
權同年 碩淳 還鄕 幷,2
男玉亨,2
權同年 碩淳 還鄕 幷序 謹,2
李校理 煕騫,2
朴大茂,2
使相遙寄監司,2
吉城,2
籍田壁,2
可久,2
君度韻還呈,2
朴奎甫 衡文 示韻 奎甫時爲,2
韻 奎甫時爲,2
襄陽東軒,2
江陵東軒韻 上,2
權子復西所壁上,2
安東退老李留守 浤,2
酒軒詠梅,2
金府尹 楊震,2
鄭虛菴希良 詠雪,2
金郊驛,2
張舍人 城,2
金仲容 宗裕 韻 金公時爲靑,2
李節度 子芳,2
伯珍,2
余乙巳所題,2
同行諸君,2
成鄭兩君,2
百宗,2
成上人,2
伯淵謫歸伊川,2
答岑上人,2
薄田,2
洞,2
以慶州,2
雪牛上人歸地異山,2
訓導,2
公瑞,2
菊軒,2
健叔歸咸陽,2
君度寄贈,2
鵝林卿受由歸慶尙道,2
余於溪頭,2
洪先生 貴達,2
於歙谷縣,2
錦江樓船,2
希醇索和,2
德山壁上,2
崔子眞,2
蕭海釣和曾職方,2
曾職方,2
舒川東軒,2
正朝使李君長坤,2
懷奉金姜,2
元霧巷 昊 歎世詞 辛丑,2
靈山縣監申澹解官歸京師 戊申,2
李耕隱及鄭漁隱 仲虔,2
文斗成先生 聃壽 ◇丁未,2
彥卿,2
洪同年彥邦,2
楊提學,2
登樓之,2
于文軒,2
蘇都事元友,2
朴德璋赴賢良科時爲安東判官,2
各贈兩翁,2
兩翁,2
餞別諸公,2
竹窓,2
舟中,2
周景遊 世鵬 題愛日堂奉寄,2
溪堂謝往,2
退溪生辰垂賀長律,2
新寧水亭 幷,2
永興望景樓,2
姜晉山菩提津,2
我之,2
敎授金長卿,2
安孝思 承宗 集勝亭,2
禹牧使,2
京洛,2
直卿還京師,2
仲敬,2
季文洪氏園林韻 名右文,2
直卿,2
仲說惠,2
宋使相恩府,2
宋使相座主,2
景劉,2
長卿寄早梅,2
金倫 傳信錄,2
惠允上人,2
金寺正硉奉使對馬島,2
權相公 鈞 出按關西,2
杜,2
獻之行軒,2
人失題,2
諸君求和,2
雞林尹金伯起 楊震○,2
曹舜卿 致虞 歸養,2
金海之行,2
昌世行軒 幷小,2
李相公觀察平安道,2
亨仲夜吟,2
權上庠,2
成進士 聃齡 見投,2
嶺南尹節度 思愼 無極驛寄示,2
嶺南巡察,2
成上庠 聃齡 投示,2
䃴兒,2
亨仲州官設筵餞行,2
亨仲耆伯,2
顧秀才,2
烏竹軒韻 李思溫軒前,2
李御史黿,2
上副天使,2
楊贍秀才送別,1
山陽,1
賜衣段,1
女道士,1
進士楊贍送別,1
甲辰年冬,1
高員外,1
友人除夜,1
金員外贈巉山淸上人,1
巉山淸上人,1
西京金少尹 峻,1
金川寺主,1
梓谷蘭若獨居僧,1
雲門蘭若智光上人,1
先王樂官,1
寺上房,1
李長官,1
吳進士 巒 歸江南,1
顧雲友使,1
張進士 喬 村居病中,1
顥源上人,1
益源上人,1
山人益源,1
湛之乞墨,1
鄭侍郞敍,1
朴東俊,1
金公 君綏,1
趙亦樂破肉戒,1
皇甫兄弟,1
贈若水,1
贈李上人覺天,1
李上人覺天,1
北原雞林先生,1
月師 幷,1
頤師,1
茶餉謙上人,1
金璿,1
前韻寄鷄林朴先生 仁碩,1
鷄林朴先生 仁碩,1
資福寺留題,1
鄭學士 之元 留題,1
密州大守,1
從兄,1
眉叟求草書 公舅崔司業永濡不,1
山人演之題淸平山滌心亭,1
湛之使北朝,1
金先達蘊珪,1
金相國富轍題使君山,1
黃嶺寺堂頭觀諦上人,1
人赴試,1
李相國題奉嚴寺竹樓,1
張侍郞自牧,1
尹司儀世儒,1
覺禪老,1
金先輩上第還鄕,1
璨師,1
梁校勘寒食日邀飮,1
崔老育才,1
敏師,1
李淸卿,1
寺宗室王禪師,1
安和寺宗室王禪師,1
金秀才懷英,1
足庵聆首座,1
文公,1
寺飮茶,1
崔秘監詵,1
梁閣校,1
潘閬春遊篇,1
同年文員外題甘露寺,1
尹國博威見予詩文,1
文長老路上相逢口占,1
妃子,1
西隣梁閣校,1
吳東閣世文呈誥院諸學士,1
誥院諸學士,1
內省諸郞 左散騎常侍崔詵,1
鄭秀才公賁賀文長老對御談論,1
金君瑗 幷,1
文長老賦橘,1
厚意,1
崔書記正份,1
移船,1
中庸子,1
諸先輩,1
崔伯桓首題,1
同行道士金之命,1
李季才,1
鄕校諸君,1
諸友生,1
諸公嘲,1
友人之尙州,1
沈天曹允章,1
朴還古南遊,1
宿天壽寺,1
宿峰城,1
送客湖上,1
客湖上,1
湖上偶遊,1
塊居空館,1
卽事,1
朱藤杖,1
覺公,1
玄公,1
威,1
威知識 名次威,1
寺敦軾禪老方丈夜酌,1
題白蓮社石臺 師結白蓮社於功,1
尹公,1
聆首座寄林工部 幷,1
林工部 幷,1
宋少卿緝光陪趙相國,1
天壽寺鍾義禪師,1
江南友人,1
板上李祭酒純佑,1
任實郡宰,1
高先生抗中獻廉察尹司業威 幷,1
崔巨龍,1
板上蔡學士寶文梨花,1
甥壻韓韶,1
晉書記公度,1
韓韶,1
甥壻鄭生柔,1
金學士黃文,1
林學士羲叟,1
盧同年携酒見訪有,1
朴上人,1
崔相國詵謝奇平章贈熨石,1
熨石,1
文長老未開金錢花,1
留,1
復答,1
頴僧統壁上所留,1
西京妓眞珠,1
寺醉迴,1
同營諸公,1
渭南潯陽杜校理,1
渭津東望,1
漢江秋晚,1
布袴,1
簽判朴侍郞仁碩,1
安處士,1
徐學錄陵,1
徐公,1
贈崔君,1
贈徐學錄,1
徐學錄,1
於予,1
崔大博,1
崔君宗藩,1
友人之南田居,1
內翰李眉叟坐上,1
禁中諸公,1
咸子眞拜右軍判官有,1
陳翰林題苗正字大隱樓,1
文禪老還本寺,1
金大年贈妓 幷,1
妓 幷,1
書蔟子詩韻贈之,1
友人黃蜀葵,1
文長老聞友人彈琴,1
夏課諸生,1
友人詠橘,1
茶磨,1
崔相國洪胤和琴相國題中書壁上,1
琴相國題中書壁上之什,1
琴相國題壁詩韻奉呈,1
琴相國以任大司成永齡重娶不開,1
任公,1
右拾遺水丘源,1
寺幢禪師,1
郞子囷冬日,1
父老,1
皇甫書記雨中獨詠,1
謝皇甫管記贈扇墨,1
扇墨,1
孫舍人留題詞,1
文學宋君,1
官寮,1
宋文學,1
皇甫書記,1
皇甫書記用東坡哭任遵聖,1
陳少卿和權員外謝人寄躑躅杖,1
權員外謝人寄躑躅杖,1
躑躅杖,1
文禪師哭覺月首座,1
訪來,1
少年,1
李補闕百順,1
同寮金君,1
李道士,1
崔承制正份,1
敎坊妓花羞,1
宋左丞恂節制塞北 席上走筆,1
板上洪書記題位金巖,1
板上庾學士,1
住老比丘,1
禪者,1
黃驪縣宰柳卿老,1
雨絲,1
天使後有,1
此山,1
之上人還山,1
希禪師,1
全君有,1
朴君,1
全履之遊安和寺,1
小妓,1
有,1
寺漣漪亭,1
座上云,1
田祭酒 甫龍幷,1
閑上人問病,1
嵩客,1
思黯,1
樂天心身問答 心問身,1
心問身,1
假滿百日停官自喜,1
朴起注 文秀,1
李侍郞 需 翻詠白爲詠黑詩見,1
白樂天出齋日喜皇甫,1
同寮李相國 仁植,1
之云,1
李侍郞 需,1
黃驪縣宰和前詩見寄賀官,1
前詩見寄賀官,1
賀官,1
白樂天老來生計,1
子姪長短句,1
白樂天負春,1
白樂天春日閑居,1
白樂天在家出家,1
李少卿 需○幷,1
李亞卿 需 和寄地棠花詩 幷,1
寄地棠花詩 幷,1
地棠花詩 幷,1
夢覺,1
名妓御留歡,1
朴學士借伽倻琴,1
家園後小庵,1
戱贈,1
之叙舊,1
李先輩,1
前詩見寄 前詩在集第,1
前詩在集第,1
星山李先輩和前詩來贈,1
趙留院和前詩來呈,1
前詩來呈,1
朴中舍 文秀 和予贈予壻謝加,1
予贈予壻謝加耶琴詩來訪,1
予壻謝加耶琴詩來訪,1
金東閣 冲義 和此詩來贈,1
此詩來贈,1
門生梁信成,1
趙廉右復和,1
復和朴中舍,1
朴中舍,1
李 需 侍郞和加耶琴詩來贈,1
加耶琴詩來贈,1
後洞朴僕射 椐,1
洞名,1
丁秘監和籠字詩來贈,1
籠字詩來贈,1
丁秘監於車君家,1
主老源上人,1
謝曆,1
謝柑,1
幷序 謝墨竹,1
謝丁秘監墨竹影子詩見寄 墨竹,1
墨竹,1
謝丁秘監墨竹影子,1
李平章 仁植 和謝訪,1
謝訪,1
姜郞中出守春州,1
金內翰奉使蒙古,1
崔樞府 公衍 見訪,1
李學士 百全○幷,1
復,1
英上人見和 江天暮雪,1
英上人見和 遠浦歸帆,1
英上人見和 瀟湘夜雨,1
英上人見和 平沙落雁,1
英上人見和 山市晴嵐,1
英上人見和 漁村落照,1
英上人見和 煙寺暮鍾,1
英上人見和 洞庭秋月,1
金學士 敞○幷序○庚子年,1
復和李相國更和獵字,1
李相國更和獵字,1
春州守姜壯元 頡 乞炭,1
金學士 敞 見和夏課,1
夏課,1
細餛飩,1
表狀有,1
兩公,1
客問詩 幷,1
李侍郞上晉陽公女童詩呈令公,1
令公 幷,1
李侍郞所著女童詩 幷,1
乾杮子,1
李侍郞需以廻文和長句雪,1
長句雪,1
李侍郞重和雪詩廻文,1
雪詩廻文,1
絶句廻文韻 此詩子以廻文和之,1
朴少年,1
長子涵以洪州守之任有,1
白粲 幷,1
鶴翎扇分人,1
朴學士 仁著○幷,1
酒酌飮有,1
朴學士又和失看花,1
失看花,1
絶句 雙,1
朴學士復和,1
李侍郞 需 聞予送男赴洪州,1
男赴洪州,1
李侍郞赴省試座主慶筵,1
門生,1
朝守,1
書請賦,1
崔相國娛賓亭,1
林秀才春樓有感,1
同院諸賢題喜神圖,1
隴西天院,1
贈隴西天院,1
林秀才兼簡大原文長老𪚥𪚥庵,1
大原文長老𪚥𪚥庵,1
雙明齋崔相國𪚥𪚥茶,1
諸公所題,1
宸𪚥,1
朴先生𪚥答,1
先人百合花呈崔承制,1
崔承制,1
李翰林元胄醉題,1
閔同院題金禪師房壁,1
先君餞西京別留趙侍郞通,1
景照上人之漢山,1
李郞中,1
題安陽住華亭次李郞中,1
諸公題慈悲嶺樓,1
崔按部,1
車同院題殷栗資福寺,1
題栖雲寺幽澗亭,1
朴按部題深山寺,1
金郊館,1
金將軍所贈,1
寄車同院,1
車同院,1
霞居堂頭所贈,1
南景福寺留題 普德聖師飛來方,1
題彰聖寺𪚥樓,1
玉果縣客舍李按部留題,1
題咸陽壁上,1
題伽倻寺,1
仇知部曲留題,1
長興府客舍留題,1
題拯淪寺,1
題穿堰寺,1
題海印寺,1
題鳳棲寺,1
朴翰林恒,1
崔大傅守璜金史館承戊洪史館佇,1
崔直講 諱寧 詠雪,1
黃驪北樓板上韻 路由此樓抵宿,1
燈明寺板土,1
館翰諸公,1
本府諸桂仙云,1
黃李兩令公唱詶之什 幷,1
同年崔國慱守璜,1
安翰林裕贈別,1
崔國慱守璜喜雨,1
兪內相薔薇宴詩 幷,1
白中書 諱文節 賀金祭酒 諱,1
丹陽洪承制 諱子蕃 石床歌幷,1
鄭直講 諱興 賀朴侍郞 諱恒,1
朴承制詩幷,1
金尙書琔上朴承制,1
侍從宋相國,1
本朝雞林承制諱恒,1
表禮數,1
侯學士,1
宋相國閣下,1
白彝齋 公與彝齋會聯句,1
李桂赴鷄林幕 鷄林,1
鈍村金先生,1
友人扈駕從軍,1
秋玉蟾曬史海印寺 在星州伽倻,1
和州本營,1
州本營,1
襄州公館,1
安昌驛亭許正言,1
興富驛亭,1
平海公館後亭,1
許正言,1
州始見,1
州鷹坊人羅鷹示余,1
州隱者持以勸余,1
叢石亭,1
州馬上偶,1
通州客舍,1
寄題張秀才幽居,1
題張秀才幽居,1
州南行,1
歙谷客館,1
高城客館,1
杆城客館,1
題丹陽北樓詩 幷,1
題南同年書樓,1
旌善公館趙元帥,1
旌善板上,1
母山崔大賢,1
臨瀛公館東軒,1
通州太守,1
通州太守贈別,1
獻質齋尹大叔相國,1
洛山,1
李中父還朝,1
江湖長短句,1
朴忠佐少卿東歸,1
朴少卿忠佐北上,1
從兄君實典籤赴任,1
崔拙翁 進退格,1
邢通憲 君紹,1
白文擧尙書,1
朴仁幹,1
息影菴,1
示尹汝衡學諭,1
尹汝衡學諭,1
完山李半刺,1
趙忠州,1
許理問歸遼陽,1
題白花禪院觀空樓次,1
朴忠佐少卿,1
李翰林還朝,1
李員外,1
蜂,1
贈李外郞元弼,1
李外郞元弼,1
竹軒金宰相,1
尙寄惠新茗,1
丈下,1
惠新茗,1
雞林郡公,1
過華嚴,1
金海府使鄭尙書國俓,1
及菴,1
鄭愚谷題張彥甫雲山圖,1
朴大陽按廉 戊戌年,1
執政 己亥年,1
愚谷詩韻奉呈,1
金成挺先輩錦還,1
南別將 大蕃,1
臺長房,1
呈臺長房,1
雞林參軍金孟堅持牋上京,1
金孟堅之任東京,1
金海遨頭,1
季明叔之濟州 晉,1
善住聰法師游楓岳,1
卓獻納 光茂,1
鄭諫議之官金海,1
崔德成史官曬史海印寺,1
鄭大守,1
河斯澄,1
陋室,1
瑚大禪師 得身字,1
李義山,1
文丞相,1
鄭佐郞之官旌善,1
榮陽內相,1
李大夫 達衷,1
惠鑽上人,1
同年朴左尹 仁遇,1
郭提學 稇,1
兪尙書 思廉與公同時翰林,1
閔按部 璿,1
愚谷次,1
奉呈愚谷,1
愚谷用牧丹,1
雲窩詩韻 李培中,1
壽翁,1
之以立誓往生西方之文,1
香茶,1
義軒,1
林掾詩 傑,1
鄭佐郞,1
机下,1
寄來,1
竹谷先生,1
行營,1
木州金正郞 淑明,1
洪敏求進士愚谷,1
崔林,1
草亭 辛裔,1
辛草亭 曾爲南臺御史,1
金孟堅,1
吳祭酒送劉中書,1
劉中書,1
月溪雲長老,1
許先生,1
李中父翰林還朝,1
拙句,1
洛東先生,1
尙和之矣,1
近所作伽它,1
柳侯,1
送雲南使臣,1
雲南使臣,1
之行,1
妙禪,1
鄭寓員外,1
雲上人,1
章 大順,1
章 宗愈,1
章 李湛,1
愚谷詠觀射西郊,1
愚谷詠月蝕,1
破南賊,1
捕東倭,1
缺題,1
淸州參軍,1
漢陽鄭參軍,1
安員之曝史南歸,1
無極師,1
蘇伯脩參政湖省,1
愚谷韻贈禹先生倬,1
禹先生倬,1
龍頭釋老,1
眞州中臺寺古長老,1
金簡齋,1
江華郡,1
紫燕島,1
延興島,1
義交諸君,1
同年尹內相,1
賀禹先生拜糾正,1
同年南翰林,1
同年柳翰林,1
許理問,1
題李僧統詩卷,1
英陽新村李居士,1
完山崔壯元,1
費大醫歸江南,1
同年成誼叔,1
哭方判閣,1
賀金宰相,1
宜寧南中書,1
禹祭酒出守晉州,1
朴判事,1
仲始思補,1
康獻納,1
洪文野理問,1
賀崔春軒新拜典法判書,1
金仲始思補,1
遼東崔,1
詩韻留之,1
答順菴,1
文野郞中,1
朴敬軒,1
松京親友,1
晉州安判官,1
延聖寺玉簪花,1
洪義軒歸國,1
奇集賢代祀醫巫閭,1
黃檜山,1
答崔深父,1
崔深父,1
金同知奉使東歸,1
知己,1
鄭仲孚,1
賀兩金持平,1
成按廉汝安,1
菊庭奇參政還鄕,1
尹正言落第東歸,1
李杏村,1
同年安員之登第還鄕,1
金敬先副令,1
順菴奉使東歸,1
安謙齋,1
崔德林正尹從雲南王入西南夷,1
耻菴,1
呈耻菴,1
短篇,1
兪正言,1
父諫議,1
洪捴管赴淮安屯田,1
黃曆友人,1
贈黃曆友人,1
題野雲莊,1
送安照磨赴遼陽,1
安照磨赴遼陽,1
鄭代言,1
南村朴判書,1
賀敬先代言,1
詔使金省舍,1
奇參政,1
題奇參政草亭,1
朴判書,1
金壯元,1
方尙書,1
閔及菴,1
金祭酒,1
李捴郞,1
安捴郞,1
奇菊庭,1
李樵隱,1
崔廉使赴福建,1
鄭按廉,1
許郞中,1
兩郭同年,1
林州,1
壁上許執義,1
尹學士,1
和州壁上,1
州壁上,1
歙谷客舍,1
列山縣客舍,1
杆城板上,1
江陵客舍東軒,1
寒松亭醴泉君所題,1
江陵燈明寺,1
蔚珍客舍,1
迎曦亭,1
平海客舍,1
寧海北凉樓,1
寧海府客舍,1
永州客舍前賢題竹,1
京山府百花軒,1
京山府南樓,1
永同郡,1
往來,1
觀風,1
大安寺中之僧統,1
蘇來樓上詩韻以記歲月云,1
兜率壁上,1
金山寺壁上,1
張相國,1
前賢,1
坦師,1
古阜郡北樓,1
許執義,1
答南按廉,1
南按廉,1
平海客舍詩韻 南柯子,1
白書記 彌堅 赴忠州幕彌堅字,1
白介夫遊河東,1
成毅夫韻贈金校勘 㬫,1
金校勘 㬫,1
羅州倅南大藩之官,1
諡文定公甫淳之後,1
公誠之,1
仲宅走筆,1
德齋相國題德水新居,1
季明叔理問見訪有詩 名晉元,1
拙齋韻 拙齋姓崔氏,1
胡照磨扈駕,1
鄭待制,1
達式師見訪有,1
僧達竹遊燕都將之江南,1
孫承奉客中有懷 代人,1
燒香會諸公 先生嘗與洪政丞彥,1
呈燒香會諸公 先生嘗與洪政丞,1
金校勘映山紅,1
義交諸公,1
題禪房,1
宋同年,1
中父李翰林還朝 名穀,1
人赴都,1
李天覺 名達尊,1
樓送海峯,1
海峯,1
松京諸友人,1
慈忍國師,1
金佐郞舅詩 幷,1
所賦,1
蔘,1
永寧長老,1
劉守中,1
贈劉守中,1
影 見東文選,1
金君綏,1
會慶樓韻 見勝覽,1
襄州官舍韻 見勝覽,1
叢石亭韻 見勝覽,1
春日昭陽江行,1
送李中父,1
李中父,1
矗石樓韻 樓在晉州城內,1
鏡浦臺韻 存撫關東時,1
杏村李侍中 嵒,1
拱北樓應製詩韻 幷序○樓在淸,1
權漢功,1
禹玄寶 養浩堂,1
余朴淵瀑布韻以示之,1
龍頭住老,1
呈宗工鄭相國,1
朴將軍,1
呈原功相國,1
鷄林君,1
呈鷄林君,1
賀狀元朴古軒復中樞,1
全州李端公,1
全州崔先生,1
全州崔同年,1
示子途 在道美寺,1
子途 在道美寺,1
徐糾正,1
天台僧,1
宋大禪師 在合浦營,1
李生員愚覲母羽溪,1
諸君子 呈諸公,1
諸君子 呈若齋,1
同年崔奉翊,1
龍頭席上,1
永興田同年,1
許埜堂 琮,1
隣丈崔諫議,1
東亭 時東亭,1
忠州使君李東隱,1
羅州判官,1
幻菴寄羅州判官,1
李先生吉祥 先生爲揚廣道元帥,1
同年崔史官,1
乃父同年,1
鄭先達悛歸覲忠州,1
朴通憲,1
任深父,1
養浩堂兼許埜堂,1
隣丈李中書,1
交州李按廉,1
漢陽張府尹,1
河簽書,1
埜堂,1
竹林住持 守寧州時,1
龍頭住持,1
鄭相國 地,1
寧州琴李兩先生,1
詔書使張學錄,1
誥命使周典簿,1
慶尙金廉使,1
金海妓玉纖纖,1
金海妓玉纖纖 附次韻○本集,1
金海妓玉纖纖 又次韻○本集,1
按輿地勝覽,1
鄭副令㝢按于慶尙 ○丁未春,1
故,1
朴仲剛,1
仲剛,1
同舍生歸覲西川,1
檜堂次,1
申碩甫歸寧海府 名彥,1
兪先生,1
府尹吳諫議,1
德水院,1
按部崔仲淵,1
酒來,1
同游者,1
黃常侍存撫江陵,1
題永寧寺,1
題報恩寺,1
同年王景初,1
蜂燕圖,1
贈曇峯,1
曇峯,1
李文會歸廬陵省親,1
徐尙書東歸,1
同年司空實,1
權史官奉使伽耶山,1
送鄭寓員外謁告省親,1
鄭寓員外謁告省親,1
交州金按部賀鐵原府使鄭公入拜,1
鄭員外失職歸侍老親,1
巽亭大諫,1
前韻遣興,1
田起居,1
賦之,1
梁判官赴朔方兵馬使幕,1
東北面韓萬戶,1
淸風鄭司諫 樞,1
南原李司諫 寶林,1
沔州郭員外 翀龍,1
南田禪師 夫牧,1
密城李正言 釋之,1
福州判官鄭正言 天謙,1
順興府使崔侍御 安穎,1
安常侍 輯,1
東京田判官 野隱,1
梁州任使君,1
嚴光圓禪師,1
蝶戀花仰山亭,1
山上,1
蓮花禪師 夫牧,1
脩上人,1
淸風鄭司諫,1
過華嚴云具僧統於興王寺,1
林椽 名傑,1
雞林田判官,1
嚴光圓大禪師,1
詞 諱賴,1
安侍郞出按慶尙道,1
嚴光圓公,1
密城李同年,1
李永哲,1
李生,1
權郞中園中松 鑄,1
金月塘立秋所寄,1
申中顯赴榮州 仁甫,1
竹谷僧統歸大華山,1
日本奉使,1
西海崔按廉資,1
王康隨尊公進表,1
李蒙達進表賀年,1
客記事,1
羅州吳判官,1
副令出按慶尙道,1
康得和副令出按慶尙道,1
李同年 臨河,1
日本釋有天祐,1
蔥,1
肉,1
詔,1
慶尙道按廉使朴可興,1
松菌者,1
金敬叔少監,1
贈金敬叔少監,1
祕書,1
寧海金左尹,1
水墨山水,1
尙惠茶及扇,1
松廣和尙惠茶及扇,1
伊山李吉商,1
日本釋,1
眞觀僧統之關東,1
牛蒡,1
栗,1
野物,1
金公隨兄之外孫,1
乾小魚,1
安州朴元帥,1
鄙,1
聰公還山,1
孤舟禪老入金剛山,1
酢旣罷,1
謁沈宰臣出使江南回,1
安簽書宅,1
醉倒,1
上壽,1
黃廣州敬德,1
洗鱗,1
郭密直賞蓮,1
旣畢,1
知印承制,1
崔翁,1
金剛山普濟影堂,1
龍虎丹,1
尙避倭靈臺寺寄茶,1
甜瓜,1
茶鮑,1
金剛山維那,1
廉東亭賀姜代言,1
題舅氏池亭,1
全羅鄭按部,1
開天行齋禪師寄茶,1
異姓,1
億政禪軫大禪師,1
龍頭住持生公,1
蔡首座,1
香脯,1
開天同甲,1
門生尹商發赴官谷州,1
年,1
書來,1
拜送,1
法來,1
所爲,1
謁,1
光輔,1
乾梨,1
小,1
廣平侍中,1
呈廣平侍中,1
談笑,1
吳同年臨,1
圓齊座下,1
僧甘草,1
黑豆種,1
自嘲之,1
多矣,1
酒頌,1
江陵盧使君 承慶,1
咸昌太守,1
月堂李太老,1
老景,1
判事大禪師,1
柳密直出尹漢陽府,1
子復,1
龍頭大師,1
酒如送人,1
者尙多,1
海菜,1
乾腊,1
謹備,1
山藥崖蜜燈油,1
金司空 續命,1
呈金司空 續命,1
參承宣重房,1
家僮,1
家僮赴軍舡,1
東亭座下,1
洪進士敏求歸養,1
金左尹兄,1
呈金左尹兄,1
裵安東到界狀,1
乾鹿,1
梨至恩門,1
李進士歸覲水原,1
偕行,1
龍頭,1
諸會長座下,1
而罷,1
閔兄,1
呈閔兄,1
乾魚,1
孟畇讀書海安寺,1
判書,1
甫城李子修判事大藏,1
報恩寺祖眞殿醮酒兩甁,1
梨,1
偰寺丞 慶壽,1
炭 宗林,1
至邊,1
省事請坐,1
宰樞所,1
午後來,1
無說長老,1
希顏座下,1
落名紙,1
司天長房,1
陞,1
詩 復興,1
茶來,1
庸夫行軒,1
呈庸夫行軒,1
文,1
雞林令公,1
甫城李判事,1
間,1
文魚,1
鼇城座下,1
韓尙書,1
季子𤩳,1
懶翁弟子印大藏海印寺,1
名簇於,1
宏幽谷,1
酒會於升天府之軍營也,1
同飯,1
名簇也,1
金同年云,1
黃忠州,1
合浦南令公,1
無及諸大德,1
呈無及諸大德,1
廉,1
蓴,1
茶走筆,1
孟雲先生,1
兩老人故甚小,1
獐肉曰,1
漢陽尹,1
中道廉使安諫議,1
全羅廉使許摠郞,1
班主,1
酢吟詠,1
門生博州兵馬使金之鐸,1
言,1
寧尹朴令公送年魚,1
林蜜直焚黃祖墓,1
朴氏女適人,1
中道廉使安大諫,1
伽倻聰公寄紅杮,1
雁,1
古樗同甲走筆,1
交州廉使索肉,1
魚,1
陜州鈴閣,1
靈岩寺堂頭,1
生鮑,1
全義韓同年,1
夫目大禪師,1
海衣,1
巷柳,1
摠持都大禪師,1
蓴菜走筆,1
寧尹張公 孝溫,1
酒肉,1
子尙敬,1
公州牧使崔有慶走筆,1
升,1
甜苽,1
惠生僧統住嚴川,1
幻菴走筆,1
呈幻菴走筆,1
張子溫東北面巡問使送年魚,1
豆粥幷蜜,1
平桂,1
淸風安使君,1
會禹,1
菜,1
醯,1
小螺醯,1
鄭令公,1
呈鄭令公,1
張子溫令公,1
李判,1
韓評理,1
呈韓評理,1
雀,1
張學錄使還 名溥,1
周典簿使還 名偉,1
孫孟畇敬童,1
完山柳府尹,1
高城李使君 名陟,1
通州鄭使君 名須,1
通州張學長,1
文州金同年 元粹,1
松軒侍中,1
呈松軒侍中,1
權緩親從,1
冬瓜,1
燒餠酒甁,1
藥飯,1
堂洞權密直,1
中童,1
我南行也,1
所志於松軒,1
兩侍中,1
官近侍郞將朱仁起回程,1
京山府金判書同年 隨,1
河光祖署令詩 小,1
黜陟使 辛未,1
權愼齋,1
柳晉川君,1
忠州牧黃同甲,1
麥,1
尼山申監務兼定山,1
膰肉,1
幻菴國師,1
呈幻菴國師,1
松芝,1
南京尹,1
蓴酒奏紙,1
廣州牧使崔恕,1
判書朴壯元還歸田舍,1
姜同年玄隣長,1
菩提大禪師,1
上院禪師,1
金石諧左尹,1
權判事,1
鄕校金少尹,1
權大老,1
示種善,1
種善,1
呈幻菴,1
李向上,1
元內書,1
元代言,1
密城李使君 釋之,1
戲鑽木菴,1
華按廉,1
郭諫議 忠守 書懷,1
荊公定林院,1
朴摠郞衡雨中書懷,1
慶尙李按廉 寶村,1
贈慶尙李按廉 寶村,1
列山縣舍,1
高城郡壁上,1
元帥臺,1
安邊官舍,1
登驛道中,1
杆城官舍,1
蔚珍官舍,1
紫玉山沈內舍,1
旌善郡樓,1
惠聰長老東老,1
沈內舍,1
贈沈內舍,1
洞山官舍,1
歙谷官舍,1
酬廉代言 興邦,1
廉代言 興邦,1
達世帖木兒平章,1
呈達世帖木兒平章,1
𪚥集中,1
胡照磨 海 還台州,1
酬郭諫議 忠秀,1
鶴扇,1
郭諫議 忠秀,1
陋閭求和,1
詞 壬寅仲冬作𪚥祖,1
呈岩遁 𪚥𪚥,1
岩遁 𪚥𪚥,1
岩遁之方山頭陁寺寫經,1
莫莫上人 自休 游日本將之江,1
全羅宋按廉,1
鄭大司成夢周,1
韓簽書修,1
呈韓簽書修,1
贈岩遁,1
戲岩遁,1
別李淸州詩𪚥,1
李同年,1
詞 成中,1
詞 形,1
李評理奉使大明 茂方,1
詞 孟孫,1
詞 成士達,1
酬韓山君見寄雙,1
雙,1
韓山君見寄雙,1
奉賀,1
韓山君與韓孟雲學士訪尹密直虎,1
權贊成奉使大明行軒 仲和,1
呈權贊成奉使大明行軒 仲和,1
雞林尹,1
呈雞林尹,1
韓山君乞文,1
呈韓山君乞文,1
朴同年書懷 晉祿,1
詞 仁立,1
荅許監丞錦,1
張春州書懷,1
詞 紹宗,1
題蘭坡李判書 居仁 園中,1
別詩卷,1
題韓山君贈金秘書敬叔詩卷,1
金秘書敬叔詩卷,1
詞 忠敬公,1
法護長老,1
崇嚴長老,1
別白少尹 玿,1
琳宮壁上,1
呈岩遁,1
靑龍長老,1
淡菴芭蕉,1
上人,1
卞春堂 仲良,1
金孟誠,1
簡齋,1
嚴光大禪師,1
押送官趙光甫還京,1
舍弟判書 時判書亦貶在光州,1
答李子庸,1
李子庸,1
慶尙道按廉康副令,1
江西縣令,1
江陵法曹,1
襄陽趙使君 宣,1
江陵道按廉元正郞 宗亮,1
呈江陵道按廉元正郞 宗亮,1
全陜州,1
麟角住持,1
日本僧天枯,1
慶尙道按廉康副令 得和,1
交州道柳按部,1
天台都大禪師 了圓,1
呈天台都大禪師 了圓,1
答檜岩長老倫絶磵,1
檜岩長老倫絶磵,1
檜巖主法,1
于江岸,1
扳上,1
紺岳長老芬上人,1
慶尙道按廉伯至契友,1
尙敬藉田途中,1
答鄭堂後 渾,1
鄭堂後 渾,1
惠芽茶,1
𪚥𪚥師歸忠州龍頭寺次,1
霜泉長老,1
大護軍直門下李茂廉按西海,1
新進士韓有文歸覲西原,1
仲英上人,1
古人步月,1
陽谷易師,1
安定入京,1
盧判官 以下,1
同年康子野,1
瑞峯寬上人,1
河大司成 崙 還京,1
阮嗣宗感懷,1
金先生落第南歸,1
國子典簿周先生 倬 還京 按,1
行人段公還朝 按段公名祐,1
行人雒公還朝 按雒公名英,1
高少尹,1
周參議,1
高將軍奉使還鄕,1
拜獻右侍中上洛伯座下 按上洛,1
至普賢院,1
李廉使 士穎 還京,1
寄佛護社主,1
佛護社主,1
柏庭禪,1
贈柏庭禪,1
柏庭遊方,1
尙途中,1
等菴上人歸斷俗 按斷俗寺名,1
權寧海,1
金氏夫人,1
權大司成,1
鄭狀原 摠 城南卽事,1
反之,1
寧州康中正韻 按寧州,1
送金祕監,1
金祕監,1
斷俗文長老,1
民望韻送朴生 按民望,1
朴生 按民望,1
尹典書,1
覺峯上人,1
湛上人,1
竹牕李寺丞,1
金副令寓居忠州山寺,1
山東都司,1
鄭正郞之任古阜,1
鄭副令 洪 出按慶尙,1
詩韻 周倬,1
崔副使擢第還鄕,1
黃摠郞按楊廣道,1
李摠郞按慶尙道,1
李佐郞按交州道,1
判門下曹相國舅姑,1
尹密直 可觀○按恭愍時,1
人送別詩韻 辛未冬,1
別詩韻 辛未冬,1
黃州板上詩 按壬申冬朝京時,1
徐指揮,1
可遠詩次,1
安邊樓韻 按安邊駕鶴樓有李侍,1
鄭評理 夢周,1
國子學錄張先生 溥,1
錄呈國子典簿周先生 倬,1
國子典簿周先生 倬,1
李密直 彰路,1
監生宋 尙忠,1
題日本茂上人詩卷 庚午,1
按壬申春公謫光州時,1
李散騎,1
韓書狀,1
韓揔郞鴨綠江,1
遼東程鎭撫 載,1
高侍郞,1
偕行年少,1
白鷺洲 洲在觀音山下,1
陶鋪司,1
管驛馬鎭撫,1
楊指揮 名俊,1
諸書狀官,1
工部主事胡璉,1
季潭,1
州夜雨,1
李侍中安邊樓,1
徐道士師昊還京師,1
禮部主事林實週還京師,1
林主事,1
胡照磨海還浙東,1
杭州使,1
江南使張溥,1
天使周倬,1
遼東使桑麟,1
張學錄溥還朝,1
周典簿倬還朝,1
別護送遼東任鎭撫,1
遼東王經歷,1
程百戶與還遼東,1
全,1
尙州金相國 先致,1
尙州徐牧使,1
李獻納 詹 按行,1
同年李陽赴羅判,1
姜廉使,1
密陽朴中書,1
益陽金糾正,1
益陽守李容,1
李散騎天驥奉使江南,1
義州金兵馬使 之鐸,1
金判事 元帥崔公有古將風,1
金兵馬詩幕府如今有知己之語而,1
李正言,1
孔俯,1
金少年 自知,1
趙相 胖,1
金正郞,1
日東茂上人,1
日本洪長老,1
白雲軒,1
無邊僧,1
陽山聦上人,1
冰山住持,1
智異山智居寺住持覺冏上人,1
僧歸金生寺,1
自休上人游日本,1
龍頭講主,1
崔,1
詞 判書後孫鏛,1
柳宗元,1
宋正郞按廉慶尙道 名明誼,1
浙東佩玉齋郟士安,1
竹溪全少尹𪚥簡,1
高弟,1
之作也,1
伽佗,1
江陵廉使叔,1
尹都官之任谷州,1
金漢寶生員歸江陵,1
韓糾正赴任忠州 韓琯,1
永明長老 惠全,1
鄭廉使,1
唐律,1
族僧入山,1
李判官之任西都,1
李判官,1
甫州崔摠郞,1
趙廉使,1
閔子復,1
權右尹,1
朱文公詩韻贈金剛山僧,1
金剛山僧,1
安東故舊,1
法興寺長老,1
高達眞上人,1
朴潛之,1
蓊卿,1
思菴 柳淑,1
呈思菴 柳淑,1
摠郞淑之川寧別業,1
金廉使,1
李百支生員,1
蘭上人,1
康子野登第南歸,1
潛之,1
文海御史,1
朴在中,1
宋廉使,1
日本使,1
寶林,1
同年李祭酒之任京山次韻 寶林,1
楊同年之任古阜次,1
開天景長老,1
仲賢,1
崔使君 伯淸,1
眞齋先生,1
田子秀,1
寧府喜雨樓次,1
譚友德秀才,1
鄕僧悟上人歸金陵,1
施伯起判官,1
蘇至善,1
伴行王奏差儀還金陵,1
大倉朱秀才,1
羅判官使日本,1
宋都官按廉慶尙道,1
僧入山,1
洪直門下按廉江陵,1
江陵廉使韓中書,1
忠州韓判官,1
林同年次,1
許野堂 錦,1
通菴李奉翊,1
葵軒先生 權鑄,1
朴中書,1
江陵盧廉使,1
江陵李府使,1
全少尹驪江樓詩韻 簡,1
丹嵒,1
大子山,1
呈大子山,1
李敏道,1
崔中顯 元儒,1
柏亭相國贈別之什,1
元興住持,1
徐吏部將以朴苞爲壻 鈞衡,1
合浦金元帥 鎭,1
季淘,1
崔中顯如京,1
朴諫議,1
西原崔州判爲戲,1
原州牧使,1
河廉使 崙,1
金君弼先生,1
蔡判事 漣,1
此發笑,1
東亭相公次,1
呈葵軒,1
子具國博,1
裵廉使乘舟下廣州,1
人從軍,1
廉使裴佐郞歸京,1
餞行詩卷,1
甫州使君,1
高祖上洛公,1
張樞密,1
以戲之,1
黑蒲萄,1
民望大卿 廉廷秀,1
慶尙廉使全掌令,1
勝上人游方,1
朴判書乞馬,1
都元帥凱旋之次,1
無說長老子野先生,1
鄭當寺丞之任忠州,1
江陵張廉使,1
永州李使君,1
金城縣令,1
柏庭上人,1
𪚥上人歸覲,1
李樞相出鎭合浦,1
韓有文,1
章 裳,1
趙判書 浚,1
呂摠郞出按慶尙道,1
李晊生員 全生李晊入成均爲生,1
柳廉使,1
英上人,1
雪嶽雲上人,1
章 鷗,1
河內相,1
康子野先生,1
江陵徐廉使,1
章 南村先生李公遂,1
聰上人歸金生寺,1
節齋先生,1
咸同年,1
崔同年,1
林先生 孝先,1
全糾正赴任晉陽,1
送別,1
驪興柳明府罷任歸嶺南,1
觀物齋,1
子野先生 姜好文,1
石首縣尹,1
李直門下出按西海,1
節廉使,1
華嚴大師雲悟送笑庵,1
笑庵,1
幽居,1
張司藝 躋,1
黃判書 喜 赴平安道都巡問使,1
黃海道監司河自宗,1
騎牛,1
呈騎牛,1
淸川伯,1
權孟孫副校理,1
金判事赴金海,1
吉州察理使,1
閔大學士,1
閔安仁敎授西都,1
江原鄭觀察使 矩,1
安摠制 純 都觀察慶尙道,1
鏡城兵馬使辛有定,1
權直門下 軫 赴廣州,1
金汾舍人赴稷山,1
雨千峯詩卷,1
李完山府尹,1
澄粹軒,1
知申事柳思訥詩卷朴雙溪,1
崔司諫 卜麟 還鄕,1
送安州道都節制使具成亮,1
安州道都節制使具成亮,1
李藝將軍使琉球國,1
休上人歸楓岳山,1
鄭亞相朝京師 淸城,1
西北面都巡問使趙璞,1
平壤少尹宋,1
姜淮仲赴義州,1
提學朴惇之赴京師,1
宋希璟使日本,1
漁村赴京師,1
豐海道觀察使金自知,1
門生金汾赴襄陽,1
呂參知都巡問東北面,1
淸州拱北樓板上,1
慶尙康按廉,1
懶庵遊楓岳,1
惠祥禪師遊松廣社,1
抱川客舍,1
崔雲嗣使日本,1
李將軍 藝,1
漁隱赴東北面,1
楊村,1
右道按廉金端議郞,1
判淸州金漸之任,1
全羅監司金廷雋,1
送柳,1
尹參贊 向 都觀察江原,1
尹觀察使移赴慶尙道,1
權完山府尹 湛,1
寄公州朴使君,1
公州朴使君,1
陳府尹 義貴 栗齋,1
星州法水寺板上,1
靜州客舍,1
趙提學,1
人使日本,1
金判書觀察平安道,1
全羅朴觀察使,1
李判中樞觀察全羅,1
門生金海敎授官吳,1
僧之華嚴社,1
平安道都巡問鄭鎭,1
朴雙溪送安觀察使 騰,1
安觀察使 騰,1
吉川君,1
兪信注簿赴大靜縣監,1
宋摠制 得師 遊金海,1
左議政柳公 廷顯 送子暲赴順,1
子暲赴順興,1
徐君 選 赴光州,1
廉參議赴京,1
安邊駕鶴樓,1
公州樓,1
碧蹄驛板上,1
碧蹄驛,1
鄭安道勿齋,1
陳府尹 義貴,1
郞舍,1
義順館,1
趙政丞詩卷,1
賀李代言 伯持,1
李學士 詹 侍經筵,1
新亭,1
懷德屈坡院南樓詩韻 黃公子厚,1
文邦貴注簿孝行詩卷,1
曹溪義游詩卷,1
同年李典書 舒,1
公州亭子船,1
朴平亭,1
高州李太守,1
朴府尹 經 赴任完山,1
李宰臣 行 赴留後,1
全州府尹吳陞,1
京畿監司金彌,1
姪達生新婚于連山,1
僧之楓嶽,1
贈同甲韓判事 復,1
同甲韓判事 復,1
定巖詩卷,1
松巖詩卷,1
珍山詩卷,1
銀魚與蟹,1
卽次,1
呈尹,1
宜寧府院君南,1
呈宜寧府院君南,1
星山先生,1
南,1
盤石先生,1
全羅都節制使朴先生 礎,1
南吏曹琴 都觀察江原道,1
騎牛老人,1
呈騎牛老人,1
權留後永嘉君,1
彈者,1
門生全有生,1
忠州牧使朴子文,1
安城君蟻床,1
呈安城君蟻床,1
孔俯赴京,1
西原府院君李,1
呈西原府院君李,1
中亭白大鍾,1
雙溪,1
成端川,1
檜谷,1
永嘉雙塘先生,1
全羅經歷辛引孫,1
辛經歷,1
南府院君柳,1
南府院君,1
朴平齋,1
東北面都巡問使趙 仁瓊,1
金判事 孝孫 赴任筵安,1
李洽赴咸陽,1
禹府尹 洪康 觀察江原,1
全羅觀察李安愚詩卷,1
淸城,1
金府尹,1
濟州都安撫使鄭幹,1
猶子京畿觀察使 揜,1
鄭守弘赴羅州,1
全羅申觀察 浩,1
金宰臣 希善 赴西都,1
偰知府赴京,1
林參知 整,1
朴獻納歸金堤,1
金預原 淇,1
金英烈義城君都指揮海道,1
拙詩以當郊餞,1
戶曹許參議 周 出牧公州,1
鄭相 矩 出赴慶州,1
櫟菴,1
滿菴蘇長老還山,1
黃海道觀察使尹思永,1
僧遊山,1
人惠石決明醢,1
朴敬差官 希宗,1
陰竹樓題,1
淸風樓,1
騎牛淸侍,1
呈騎牛淸侍,1
淮陽板上,1
金化板上,1
川岩,1
永平板上,1
人韻僧詩卷,1
趙侍中謝靈通義砧師寄扇,1
李學士 詹,1
題僧竹溪軒詩卷,1
人韻題淸燕軒,1
平壤歌詞,1
敎授辛綿同年,1
還山,1
洪川板上,1
題春州辛大學郊居,1
春州朴少卿遊中原 允珍兩遊字,1
趙牧監,1
道境詩韻 禪師之鑑,1
于宏上人,1
予詩云,1
安同年喜雨,1
姪湜所寄,1
李先生,1
道境大禪翁丈室,1
春城鄕校諸大學,1
尙雲山圖,1
覺林堂頭圓通祝上,1
默言宏上人,1
陋拙齋,1
金牧伯川陰亭,1
白雲淵長老詩韻 來詩有失婦之,1
板上韻贈權同年從義,1
權同年從義,1
官舍板上,1
府使韓公詩韻留別諸公,1
龍化驛,1
丹陽故友,1
平陵驛,1
鄕字,1
成相國所示,1
河牧伯,1
雲遊子覺宏遊江浙 幷,1
金按部旱中得雨詩韻 濤,1
子誠弟,1
趙侍郞如京,1
崔 安乙 所贈,1
似左右,1
春州鄕校諸公,1
道境所示,1
萬歲堂頭座下,1
子誠弟赴金城令,1
刺史偰公與山城別監尹得龍唱和,1
鄭司藝,1
道境禪翁山居苦寒,1
曺溪長老禪豎,1
丘大選,1
廉先生借冊,1
鐵原館北寬亭,1
遠代人,1
化經者,1
李博士 乙華,1
金海辛孟卿先達,1
推田別監權公上牧伯,1
予云,1
寂峯圓師遊方,1
志曦上人遊方,1
天台達義禪者赴叢林,1
弟副正赴春州量田,1
崔順興 時在春州量田,1
辛承奉 成安 赴兔山 時監務,1
信圓禪者遊江南詩 幷,1
元有寬高沃赴試,1
崔大諫 嗣,1
鄭定州 士毅,1
右街雪峯丘僧統,1
書天台義圓長老詩卷,1
契內諸公,1
舍弟子誠赴歙谷令,1
覺林室,1
宋獻納 愚 上興法丈室,1
宋獻納上牧伯,1
竹溪軒信廻禪者遊江浙詞 幷,1
牧伯,1
光熏師卷,1
江陵崔生員 安獜,1
鄕學諸生,1
寄似,1
冬至日到永春,1
姪歙谷令 湜○姪繼叔之任故云,1
半刺,1
雪峯丘僧統,1
權楊村 近 贈徐蕃村輓 甄,1
徐蕃村輓 甄,1
甄,1
樵隱 李仁復,1
桐軒 尹紹宗,1
李副令韌使浙江 恭愍,1
金仲賢齊顏,1
讀書諸生柳衛,1
寄呈,1
弟存斯,1
李參奉,1
金思敏赴擧,1
尹待制,1
華巖宗師友雲還住所,1
張司成讀離騷,1
閔子復閑詠,1
不動寺雲軒長老,1
金進士還京,1
曹學菴,1
后汝銘,1
郭正言,1
河供奉,1
金進士孟南遊,1
李大學,1
栗齋 予嘗師事,1
裵大學歸覲星山,1
山中諸友,1
柳修撰館庭孤松,1
禁中,1
李尙書出按全羅,1
郭正言出按關東,1
雲巖驛巽亭,1
宥旨別監金稛,1
寧府喜雨樓,1
歙谷金散郞赴任宜州,1
金篤信贈兄,1
兄,1
從弟,1
沙根驛板上,1
江陽守,1
榮州河使君,1
同州韓,1
權佐郞,1
忠州,1
上文宰,1
柏堂丁公等滿如京 此下編落,1
灣溪漁隱,1
香使監生道士,1
曹通事半洋山懷古,1
張舍人成,1
護送陳小旗,1
周雲章,1
洞仙站駕僊樓,1
宿之所,1
立春早朝,1
應天府朱敎授,1
羅懸官,1
伴送鎭撫吳堡,1
鎭撫吳堡,1
鄭粹可,1
端木禮待詔,1
德川宋使君得師,1
詩惠山菜,1
西爪,1
檜,1
尹商州歸鷄林尹承順相幕,1
中原金判官赴任肇,1
徐御史 彥,1
宮詞夜直韻 丁卯,1
尹桐軒,1
閔左尹溪堂,1
狼川客舍,1
尙州客舍東軒,1
安按部詩韻 景恭,1
草溪客舍,1
尹觀察,1
麟州板上,1
贈行,1
南敎授歸慶尙,1
江原觀察金公詩韻 希善,1
金觀察,1
詩惠鱸魚,1
李敎授歸平海,1
張敎授,1
南觀察,1
崔敎授詩韻 卜麟,1
權司諫 湛,1
大明使周倬,1
江陵客舍韻 丙辰秋,1
襄州客舍,1
杆城客舍,1
旌善客舍,1
大明使禮部主事陸顒,1
龍川站天使章謹樓上,1
張觀察 子忠 詩軸,1
南政堂,1
華嚴師,1
昌城君 汝完 賀金政丞詩軸,1
同年崔 卜麟 敎授咸安,1
宗伯李學士誠中云,1
朴祕書奉使日本,1
鄭判事 復周,1
鴻臚寺行人林士英,1
問病,1
尹參議,1
經德朴先生 仁壽,1
驪興府漁隱閔公 霽 鈞座下,1
偰符寶還朝 斯字公文,1
木菴師,1
人遊燕,1
河南郭,1
金仲權之淳昌,1
息谷上人,1
潤雲老上人還山,1
張衡升還西都田宰相幕,1
全齋李先生,1
寄康寧州,1
康寧州,1
閔正郞傅語,1
舘中僚友,1
日本使者慶菊,1
江陵道廉使郭正言 名儀,1
慶尙道廉使宋正郞名明誼,1
權使君之任忠州,1
克平,1
朴吏部,1
宋文中秀才隨計赴京師,1
林先生,1
寧州康使君,1
興敎僧統還山,1
可遠,1
全羅道廉使李捴郞,1
慶尙康廉使,1
復菴游日東求法,1
詞甲寅,1
砧師還山,1
無虗日,1
柳狀元,1
定林長老,1
高郵湖,1
若,1
之卷也,1
煕菴大司徒法座下,1
林主事使還京師實周禮部主事名,1
題仁興社,1
閔正郞霽,1
明善副樞名拜住,1
子庚,1
東溪,1
如大虗和祭酒,1
桑麟使還,1
張學錄使還京師,1
道生上人歸忠州龍頭寺,1
巡問令公,1
人韻 辛亥秋,1
羅李,1
寶蓮住持,1
金仲權,1
李生之水原,1
李密直承源巡問楊廣,1
如師還山,1
崔延安,1
可遠院長,1
均師還,1
寺泉,1
樞齋先生,1
息谷長老,1
呈息谷長老,1
尹判書求梅,1
尹判書求瑞香靑葉紫花最香譜云,1
兪散翁還別業,1
法水長老,1
深源長老,1
全齋李先生 舍弟崇文行,1
崛山近公禪師,1
省敏近公禪,1
寶蓮,1
慶山,1
周君嗣昌,1
都巡問察理使呂樗谷稱○甲申,1
權槐亭湛,1
曺仲實修撰 信,1
同年李益信佐幕全羅覲省,1
吳部令 偃機,1
李養實,1
李通州寄詩韻 詹,1
詩韻 詹,1
送騎牛道人 自註,1
騎牛道人 自註,1
金直長 彌 兼寄鄭,1
李知印,1
朴校勘 遐 歸覲,1
裵同年 仲倫,1
李使君 集 赴合浦幕,1
李史官 伯由 晒史海印寺,1
藝文諸公館中庭松,1
廉民望待制,1
藝文諸子賦梅,1
齋韻招金翼之,1
金中郞 若采 春雨,1
金正言去礦 自註,1
金堂後因寄金正言去礦 自註,1
廉庫使 廷秀,1
章 恭愍王,1
辭 諱希泌,1
辭 唯德,1
金寺丞 摯,1
金翼之,1
日本釋大有還國,1
鄭大司成奉使日本,1
金大素判官 肇 赴忠州,1
曹溪芬禪師,1
辭 諱思敏,1
題龍山秋興亭,1
朴全古 自註,1
辭 諡敬烈公,1
答張判官 躋,1
張判官 躋,1
尹 紹宗 待制詔,1
奉獻崔侍中 瑩,1
甘露寺壁上,1
碧瀾渡板上,1
楊廣道按廉安諫議,1
西峯禪者,1
辭 廉侍中悌臣夫人,1
生員金漢寶歸關東,1
江陵道按廉徐佐郞,1
裵修撰晒史,1
斗岾,1
神勒寺板上,1
海禪者,1
絶傳上人,1
明大選,1
賀護軍權文毅辭職赴試,1
寄趙判事,1
之詩止此,1
慶尙道按廉李司藝,1
全羅道按廉陳正郞,1
息菴遊方,1
辭 杏村李侍中之胄,1
遼使,1
權代言,1
歸覲,1
生員李文和歸覲,1
詔書使國子學錄張溥使還,1
詔書副使行人段 祐 使還,1
段行人使還,1
誥命使國子典簿周 卓 使還,1
誥命副使行人雒 英 使還,1
國子周典簿 卓,1
田判事,1
麟州壁上孔伯共,1
龍州守金侯,1
唐令還都,1
曺少尹,1
次諸公,1
黃州板上,1
崔判事,1
全右尹仲叔奔伯氏喪,1
尹茂松,1
呈李待制,1
朴揔郞,1
李待制西都卽事,1
皮條,1
古泥城,1
李待制賀李內相受賜倭扇,1
烏川鄭相國,1
書報家,1
酒餚,1
鎭撫許儒眞言,1
舡板上詩韻 自注,1
征帆去,1
舟而上,1
船板,1
衛,1
精兵以助,1
壁上尹贊成,1
永州小樓詩韵,1
淸道郡淸德樓詩韵,1
密城嶺南樓韵,1
金陽圭公移錫,1
許隨州亭上詩韵,1
龍宮客舍板上詩韵,1
天德社觀空樓詩韵 自註,1
安東映湖樓詩韵,1
書懷詩韵,1
普能師韵,1
乃乳禪師,1
韵留別乃乳禪師,1
楊禪和,1
神印宗玉明上人,1
詞 宗源,1
浮屠,1
鄭大卿韵,1
幽巖上人,1
信閎上人,1
華嚴濟生君,1
安養詩韵,1
李公觀察全羅,1
筠渟韵,1
忠淸道都節制使李公還營,1
昌寧成侍中 汝完 賀金政丞,1
吉祥法主 進退格,1
仁山禪者遊方,1
忠淸道觀察使韓公 尙敬,1
華嚴丘公曰,1
韵題鷄林府吏崔佐詩卷 幷,1
李學士韵,1
韵贈淸川伯李公 居仁,1
淸川伯李公 居仁,1
呂興伯閔公 霽 詩韵,1
古人畫梅韵,1
李學士題扇 詹,1
李學士 詹 賀海道都節制使金,1
李學士 詹 宿國淸寺詩韵,1
扇上詩韵,1
洪公 吉旼 還敀舊宅詩韵 許,1
奉安驛亭詩韵,1
諸同列,1
左政丞成公 石磷 喜雨詩韵,1
柳侍史赴密陽,1
蘭坡 李居仁 聯句韵賀李政丞,1
韵謝同年李咸陽惠紙 恒茂,1
咸觀察使 傅霖,1
京畿按部金議郞 端,1
鄭判中樞 洪,1
同年金判事 摯,1
岬山住持圓公詩 幷序○性圓,1
韵 義貴,1
天使淮南陸伯瞻顒春宴曲,1
端木待詔使還詩 禮,1
章寺丞使還 謹,1
相監生使還,1
于歧灘,1
彌勒堂,1
溫井用歧灘韵,1
送臨淸釣隱詩 幷,1
臨淸釣隱詩 幷,1
端木天使,1
周監生使還,1
潘行人使還,1
端木天使詩韵,1
董監生使還,1
天使東,1
天使僉都御史兪公詩韵 士吉,1
內使楊公使還,1
王天使使還,1
金堤縣令李 伯撰,1
進太上王製詩韵,1
李右使稷奉使,1
完山府尹尹公 坤,1
梁秀才 允悔 歸覲,1
平陽君趙公赴完山 自註,1
邊文州 處厚 之任,1
金同年 摯 乞竹,1
贈金同年 摯 乞竹,1
前知申事權公 執經 出牧尙州,1
張觀察使 子忠,1
酒謝同年金公 摯 病中來過,1
監牧諸公,1
鉄化監務金泮,1
韻 時公罷相在臨津別墅,1
東北面都巡問使呂公 稱,1
李僉書韵,1
全觀察使 伯英,1
尹參判司平祗詩韵,1
僧之伽倻山,1
內願堂惠扇詩韵 省敏,1
韵送文上人㱕覲,1
文上人㱕覲,1
知申事朴公 錫命,1
弟直舘 遇,1
張大司成 德良 謝作林亭記,1
韵題延城君金公 輅 出鎭平壤,1
金少監 臊,1
蹈春宵對月韵,1
門生金參贊 科 詩韵,1
友人畫梅詩韵,1
僧遊方 己丑正月,1
安捴制 魯生,1
許漢城 衢 詠雪,1
伊川客館,1
李孝靖公 貞幹 慶壽,1
曹兵使 信忠,1
洪可臣,1
判書趙相愚,1
陰竹勸農閔司藝,1
同年金待制 瞻,1
桑麟還遼東,1
靖安君赴京師,1
龍頭道生僧統,1
宗伯李誠中詩卷,1
鄭少年欽之 廣明寺僧義敦請子,1
寫呈,1
平壤敎授官閔先生 安仁字子,1
藏義寺主都大師聰公,1
寺天澤上人不遇,1
慈恩宗祐世君 宗林,1
寫呈李申事種學,1
李申事種學,1
金判官入直壽寧宮,1
遼東使人桑麟韻贈之,1
行人段公使還,1
國子學錄張先生 溥 使還,1
趙令,1
雙梅李吏部,1
趙令等諸公,1
金待制,1
天師,1
李代言 詹,1
曺士德往日本,1
定州樓上,1
孔伯共 俯 奉使西都,1
雲峯衲,1
陳奉翊之任京山府 義貴,1
于江上,1
鄕校諸生乞筆,1
呈鄕校諸生乞筆,1
柳鳳州,1
牛山長老卷上韻 契融,1
訥村裴先生,1
諡曺丘侯,1
陸主事登州海市,1
春川昭陽江亭板上,1
鄭司諫餘,1
金公出牧耽羅 公諱素,1
扈駕諸公,1
陳中樞 乙瑞 往舊京,1
章寺丞辭京詩韻 余於是行,1
章寺丞題安定聚星樓詩韻 樓古,1
靑州板上,1
端川板上,1
吉州板上,1
同年成摠制奉使賀正 成公石珚,1
黃澗縣駕鶴樓,1
都巡問使谷山君延公 諱𪚥𪚥,1
河副令 演 題龍津縣新山城,1
淸州金生員 𪚥 新家,1
李安城送別全州牧使金摠制 漸,1
別全州牧使金摠制 漸,1
全羅道都節制使盧摠制 龜山,1
送睿長老,1
睿長老,1
平安道都巡問使崔公迤,1
贈堂頭,1
權知議政赴金陵 諱弘,1
西苽,1
卓參贊,1
平原君趙雨亭出鎭平壤 諱璞,1
僧歸智異山,1
高將軍覲親耽羅 諱鳳禮,1
黃牧使子詩卷,1
陽川客舍亭子,1
鏡城板上,1
兵馬使朴公,1
同年鄭判書 矩 奉使朝京,1
駕鶴樓板上,1
都巡問使鐵城君,1
河副令,1
呈永嘉大斯文,1
永嘉大斯文,1
慶尙道水軍都體察使朴公 楚,1
諱,1
許孔巖,1
孔巖許漢城,1
喜雨亭,1
雙梅先生紅梅,1
朝廷使臣祝少卿所畫宋君家屛蘆,1
睿長老遊金剛山,1
法林月窓會長,1
光 僧菴名,1
李先生 格,1
廣陵板上,1
利城君,1
麻田尹少尹,1
時出亭,1
朴知申事,1
聚遠樓,1
江華,1
侍中樓子野,1
柳判書 謙,1
靜州板上,1
李大提學 行 留別,1
仁王長老,1
浿水漁人 金虛舟,1
淳昌樓,1
慶尙咸使相,1
愚上人,1
金虛舟,1
白雲山焰上人,1
廣陵柳牧使,1
李牧使 安愚,1
慶尙咸監司,1
永嘉君奉使中原,1
玉川君赴京,1
許衡,1
偰判漢城赴京,1
朴咸豐之任,1
韓少尹,1
古人欲歸,1
星州東軒,1
永嘉樓,1
襄陽曲,1
甫州板上,1
龍宮樓,1
咸昌樓,1
江原尹使相,1
淸道樓,1
杉庭,1
善州樓,1
安司諫,1
固城,1
秦典農,1
梁州,1
蔚州太和樓,1
松生,1
豐海咸使相,1
西都朴使相,1
黃澗樓,1
順興樓,1
草溪鑑政樓,1
朴牧使之任公州,1
仰巖崔同年,1
桃,1
卞先達,1
卞注書,1
虛上人,1
姪,1
順州樓,1
成州西樓,1
卞司藝,1
永寧東軒,1
龍州,1
兵曹正郞李兩同年 李室,1
浿水漁人,1
虛舟卷,1
李少監,1
許敬差官 該,1
呈許敬差官 該,1
焰師書,1
權觀察使,1
孔漁村,1
忠淸咸使相,1
臨津亭,1
陽川亭上,1
張儀郞,1
金獻納 涉,1
安山東軒,1
延山府板上,1
陜川澄心樓,1
會元樓,1
嶺南樓,1
榮州東軒恩門鄭侍中,1
靈山樓,1
太和樓,1
處仁,1
卓參政 光茂○以下,1
長湍靈通寺,1
權中慮 遇,1
淸溪山萬行上人,1
柳先達,1
栢庭,1
韓先達之錦州,1
中慮病中,1
原卿,1
子剛,1
子剛夜坐,1
新進士還鄕,1
冠岳山百華寺覺上人,1
許直長,1
題淸溪山觀音寺,1
京都楊都事,1
人歸寧,1
人朝京,1
鄭判漢城 鎭 朝京,1
甫州李使君 惠,1
權史翰 孟孫 曝曬中原行,1
淸溪山惠上人,1
禹 喬之榮州,1
黃生貟,1
禹博士,1
角之上人,1
東窓家詠梅,1
靈通寺壁上,1
鼎谷,1
呈鼎谷,1
漢江濟川亭,1
石崇上人之白雲山,1
李仲平出按全羅,1
朴檢參議 丕 奉使之日本,1
頤亝,1
李佐郞,1
張判事,1
點 與諸公會于許正言宅,1
禹府使詩卷,1
金參知,1
漁村,1
柳直提學 斗明 出牧羅州,1
雨亭相國廵問西都,1
曺翰林之中原曝曬,1
許中書 稠 之寧越,1
朴獻納 軒 赴全羅節制使爲經,1
鐵城君尹于西都,1
鷄城君李 來,1
吉川君如京,1
李相國觀察全羅,1
金注簿 久冏,1
漆原君尹 子當 節制蛤浦景釀,1
章 存沒恨難言之句,1
金議郞 端 出按右道,1
尹 愷 敬止,1
呈尹 愷 敬止,1
朴完山,1
淸城君鄭 擢 送西北面都巡問,1
西北面都巡問使兼平壤尹金,1
稚叔,1
李 養中 奉使日本,1
李直館 擔 之江南,1
驪城君閔相奉使江南,1
方議郞 與權,1
監生還京師,1
祝少卿 孟獻 還京師,1
咸觀察使,1
麻谷,1
朴觀察使,1
栗監生,1
題澄心菴 章謹寺丞叔文章同聞,1
章寺丞 謹 還京師,1
周監生,1
江陵李廉使 之直,1
贈江陵李廉使 之直,1
公權 僖 輓章,1
端木智太史,1
董監生還京師,1
古泉,1
黃令公 子厚 觀察公忠道,1
神,1
無射宮 出,1
朴忍堂 昭 居官自警韻 出忍,1
盤山,1
鄭幾康,1
閭陽,1
公州朴牧使江樓,1
卞僉樞奉使日本,1
領議政黃相國乞骸,1
金學諭曾隨賀聖節使入朝,1
碧松亭松陰唱和,1
鄭司成 宗本 賀李主簿登科,1
高轉運使,1
咸陽學士樓題,1
孝令縣東軒板上,1
琴永,1
李修撰,1
鄭司成,1
尹直學,1
贈尹直學,1
河政丞,1
日本國禪和子,1
崔判書歸田園,1
安東客舍西樓,1
安東北別室板上,1
仁同鄕校樓,1
顯德王后,1
日域崇泰師,1
伯殷仲殷,1
默軒養拙堂,1
琴參議之江陵,1
日本文溪,1
南宮相國,1
鄭司成 宗本 宴集,1
醴泉客舍東軒,1
柳掌令,1
曹家莊孔漁村,1
朴參議,1
東關,1
權 孝伯 承召,1
崔司藝贈春川洪 字,1
春川洪 字,1
奉命出使人,1
沙嶺,1
尹相遼河途中,1
金公赴任,1
河貳相閔禮判成均館課試日,1
申公 秤 韻 宰昌平時,1
御史李公 成,1
申公 秤,1
黃澗縣監林公 士德,1
淸州吳康津 佑,1
光州蝸村金氏,1
澄淸亭韻 亭在永,1
朴護軍 子崇,1
金敎官 薰 集句,1
伊庵師 斯近,1
姨弟梁持平 汝恭,1
兒 仁挺,1
金敎授 思敏,1
梁柳亭謝惠新稻,1
柳亭謝惠仙李,1
益倫,1
全同知 強,1
人行經金山,1
贈柳亭梁正郞 宰昌平時,1
柳亭梁正郞 宰昌平時,1
生員金 安重,1
金楓川,1
柳亭,1
贈性照,1
性照,1
朴粹翁,1
子友明從征 正統己巳,1
鄭谷山 宗本,1
柹,1
錦鱗魚,1
水鐵湯罐,1
畫鍾,1
星牧惠扇,1
海松子,1
甲山板上,1
謫客金久冏 吉城,1
宋沃川 乙開,1
趙主簿 寧,1
淵師詩軸,1
重興鑑上人詩軸,1
宋沃川,1
乾葡萄,1
老杜黃師塔前絶句,1
成原州 极,1
謝恩使洪判尹 汝方 兼寄扇,1
堂弟 潚,1
粉鍾,1
辛司直 丁道,1
金都事 文起,1
詩金參議 中坤,1
金府使 安卿,1
柳府尹 思訥○戊午,1
尹節制使 務,1
崔判書 府 韻 己未,1
山雞,1
趙府尹 從生,1
崔致雲朝天,1
安息香,1
慶尙監司趙瑞康,1
李監司 孝仁,1
贈李監司 孝仁,1
別 時判書皇甫仁爲平安,1
示之,1
李府尹 垠 送鄭少尹 慥,1
鄭少尹 慥,1
少杜千里鸎啼,1
金經歷之嶺南,1
監司南公,1
領相黃公 喜,1
牛豐壤農莊,1
李大司成 吉培 夫人,1
淵師,1
洪府尹 汝方 賀韻 新受參贊,1
金學士示吏判權踶,1
吏判權踶,1
趙承旨 瑞康 到淸州,1
全羅監司琴 柔,1
李僉樞 好誠○幷小,1
李知事 種善,1
權同知 耼,1
李摠制 穗,1
金提學 孝貞,1
黃宰臣 子厚,1
李叔畝,1
鄭中樞 欽之,1
節日使高得宗,1
守陵官南智 正統丙寅,1
安參判 崇善 送李中樞 蓁,1
李中樞 蓁 以聖節使赴京,1
集賢殿副提學辛碩祖爲傳犀帶,1
趙判院 末生 夫人,1
李承旨 堅基 夫人,1
任中善,1
趙,1
尹僉知 敞 夫人,1
沈公卽先生同年,1
柳府使 漢生,1
成判院事 達生 夫人,1
崔貳相 士康 妻母,1
南判書 智 母夫人,1
權永嘉君 弘 夫人,1
金牧使 學知,1
金銚,1
河相公賀李好誠詩 李季甸,1
辛引孫,1
柳漢生,1
許揆,1
梁澍,1
金洙根,1
河南王使郭,1
李侍御史,1
江南謫客,1
別洪少尹 載洪耳溪良浩所撰洪,1
李友,1
盧生員,1
崔直提學 德之 歸田 見煙村,1
山陰趙使君 襄 之任,1
崔先生 元道字伯常 赴試如京,1
金約之 放,1
任可歇,1
圓明谷上人,1
趙仲敬 瑞康,1
尹主簿,1
李宜之歸京,1
趙仲敬,1
吳仲安 欽老,1
李秀才,1
珠上人,1
安監司 騰,1
李節制 順蒙,1
朴竹隱,1
東菴,1
巡陵使趙判奉常 瑞康,1
漢城李少尹 陟,1
李仲安 號圭隱峯,1
金 變 歸山寺讀書,1
李迂齋 就,1
南谷李獻納 稚,1
宗伯鄭上舍 苯○國俗,1
完山柳生員 由善,1
迂齋李先生,1
李正郞而立赴都,1
人之京,1
李南谷,1
于此,1
金 仲宗,1
李 吉培,1
崔錄事 安濕 還鄕,1
金生 敏 歸羅州,1
唐津房使君,1
遂安使君,1
山,1
覺明長老還山,1
舊友,1
履菴道上人,1
子 允庚 還永川 壬戌年,1
舍弟 方敬,1
人歸順興府,1
行上人,1
黃氏,1
永嘉權契友,1
兪經歷 勉,1
月窓砧上人,1
月牕上人,1
刑曹金正郞 自養 如京,1
皮先生歸晉陽,1
前永川金太守 及道,1
永川校中諸友,1
濟上人,1
江陵朴亞判 立基,1
李秀才 甫欽,1
公直長 路 還鄕,1
趙舍人 幷小,1
權判事 詳 大人座下,1
子 允謙,1
永陽金詩友 順義,1
照上人,1
李監司 叔畝,1
申監司 槩,1
朴監司 習,1
崔監司 士康,1
崔監司 迤,1
趙仲敬 時在松都讀書,1
趙壯元 瑞老,1
舍弟書,1
宣上人,1
蔚山尹使君 愷,1
明上人,1
古人元日早朝大明宮,1
興海李詩友,1
曺同年 尙治 赴京,1
答舍弟 方謹,1
晦谷上人,1
金約之之京,1
人赴擧,1
明谷俗離山之行,1
人蒙赦赴都,1
崔司諫伯常,1
金氏,1
鄭漢城 擧,1
李令公 殷,1
人覲親,1
新及第楊直長 繼元 席上,1
同年尹奉禮 統 辭職歸養,1
北靑敎授金同年 久冏,1
柳同年,1
北靑敎授金同年 久冏 附原,1
鄭上舍,1
居祖寺堂頭,1
贈居祖寺堂頭,1
安趙兩先生,1
人歸寧海,1
李而立赴京,1
鄭中樞 欽之 大夫人,1
同遊,1
裴生 絢 赴軍威覲親,1
利城全使君 強,1
爲時名人,1
權司諫 參○仲子克和爲時名人,1
權書房 擥,1
平壤判官,1
妙圓上人,1
洞中諸賢,1
金花軒楸山,1
羅先生,1
具相國栗甫,1
楊洵 生員丙辰丙科,1
丁敎授 池,1
谷山大先生安仲毅 眈津人,1
盆城宰 盆城金海號,1
泰仁諸儒,1
古阜郡伯,1
李淳昌,1
李淳昌 次,1
順天府伯,1
鄭 以忠生員同年 次伏日吟,1
鄭 以忠生員同年 次立秋吟,1
鄭 以忠生員同年,1
鄭 以忠生員同年 賀登第 泰,1
鄭 以忠生員同年 拙賡賀詩,1
朴楗 子啓,1
朴敎授 玄蒙,1
曹正言 尙治 歸覲 生員,1
梁宗道,1
同忠上人,1
贊上人,1
遊方僧光軌詩軸,1
明使陳公,1
明使戶部郎中祁公順,1
偰氏民,1
榮川東軒韻 時爲郡守,1
龍宮水月樓,1
固城晏淸樓,1
靈岩東軒,1
上人山水軒詩卷,1
金太僕畫竹,1
驪州東軒,1
日本崇悅上人,1
子固驪江亭,1
不忘云,1
性哲上人,1
行首座詩軸,1
許生員,1
融上人,1
林入選,1
送禪上人,1
送江原監司朴相公 健,1
江原監司朴相公 健,1
慶尙監司朴相公,1
上人歸,1
南原,1
題檜庵西方丈與策卞大禪共笑,1
李生 自云家在安東,1
日本藺上人 世祖時,1
豐基遣价,1
准法主弟子均首座歸淸涼山,1
津寬住持學專,1
之故,1
法蘭道者,1
朔寧東軒,1
尙闍,1
悅和尙闍,1
涪松廣,1
文節公贈李將軍,1
李將軍,1
李判書 芮,1
尹敎授 次尹,1
醫方於任,1
陽智縣監 縣監兄又爲陰城縣監,1
登階詩卷韻 勸進學,1
登階詩卷韻 敍交道,1
懶牛沙彌,1
思孝亭詩卷,1
光山入京,1
學專上人,1
林秀才 繼夏,1
金敎官之枰城,1
李佐郞 善老 之平安咸吉,1
申高靈 叔舟 赴日本,1
高靈綾城,1
金晦叔還鄕,1
密山,1
尙州牧使,1
韓留守,1
尹府尹之全州,1
江原監司朴公,1
金安撫赴任濟州,1
吉昌君榮親宴,1
洪仁山,1
河判事,1
天使金湜到松京遇雨,1
忘世亭,1
閒退通津,1
咏小魚,1
執義金敬甫,1
潭陽東軒韻 時蠲民間宿債,1
淳昌東軒,1
順天宣化樓,1
光州喜慶樓,1
全州鎭南樓,1
咸興憂民亭,1
洪原東軒韻 洪原俗頑,1
高原東軒韻 本粟來,1
珍島東軒韻 以下,1
順天宣化樓韻 本燕子樓,1
南原東軒,1
趙掌令林亭 趙公孜久流落,1
茂長亭上,1
光陽,1
光陽南樓,1
古阜東軒,1
海南南樓,1
靈巖東軒,1
羅州撫夷樓,1
昌平東軒,1
任實東軒,1
礪山洗心亭,1
龍安東軒,1
前首領許直講 從恒 全羅地圖,1
寄前首領許直講 從恒 全羅地,1
興陽東軒,1
雲峯東軒,1
長水東軒韻 前宰崔公宗復,1
鎭安東軒,1
益山樓韻 郡本金馬郡,1
益山東軒韻 丙子,1
濟州牧使,1
李經歷 尹仁任之 按全羅,1
洪義州益生見謫還家 公爲詹事,1
洪敬孫○吉甫蟲吟先生,1
朴判書 之衢 大石鼎絶句,1
于座中諸子,1
群臣警戒,1
魚萬從 孝瞻,1
座中諸友,1
李監司年兄還朝,1
至于府,1
相國閣下,1
江原亞使朴先生崇質,1
送琉球國使僧 丁亥,1
琉球國使僧 丁亥,1
敍懷 吉甫,1
萬從先生,1
敬吉,1
辭侍養,1
金翰林同年呈辭侍養,1
慶尙道監司尹贊成,1
李淸甫,1
李錫類,1
仲章戲贈,1
白樂天早春,1
凌敲臺,1
金陵,1
汚川郡守宋遙年,1
李御史賀朝天,1
李進士年契,1
吉甫 次 吉甫,1
金子鏗,1
金子鏗見寄 次 吉甫,1
次 吉甫,1
吉甫乞墨,1
吉甫乞墨 奉呈乞墨 吉甫,1
曹,1
日本僧光軌,1
金郊驛樓張給事,1
別 大學士李公明漢家藏親筆,1
成御史赴京,1
權秀才足下 見大東詩林,1
唱之什也,1
大先生,1
都令公前,1
右副大人,1
別知賦送李古阜賦,1
李古阜賦,1
以慰之,1
黃海監司姜同年 希顏,1
澯宣慰子濬於全羅,1
魯參,1
成川守辛同年 永孫,1
別咸中樞,1
平安節制具致寬 時已遞未還,1
金尙州 守溫,1
成川辛同年 永孫,1
徐剛 中,1
鄭監司兄,1
慶州府尹,1
贈慶州府尹,1
崔羅州,1
魯參邀之,1
延安安重厚 延安弟松禾縣監謹,1
之望巡察全羅,1
李副知 由義,1
寄李副知 由義,1
正卿子濬,1
之望憑甫,1
朴首領官,1
之望巡察慶尙,1
慶尙盧監司,1
平安兵使金 師禹,1
李南平 專粹,1
金豐德 命中,1
黃牧姜同年 者,1
金浩生在大津,1
延安安 重厚,1
慶尙兵使鄭憑甫兄,1
安延安 重厚,1
延安,1
鄭相謫居勵山,1
韓子濬體察西北江邊,1
梅中樞 佑,1
寶城守秦有經,1
寄寶城守秦有經,1
同年鄭咸陽 從韶,1
寄同年鄭咸陽 從韶,1
上黨巡邊諸從事,1
答鄭慶興,1
鄭慶興,1
平安兵使楊山,1
謝長興守尹孝孫送柑,1
忠淸崔監司,1
濟州御史姜公 遇文,1
金保寧 新,1
吉牧梁敬老同年,1
吉牧梁敬老,1
全羅金監司 吉通,1
濟州安撫使文 沒良,1
權府尹 聰,1
慶尙監司鄭年兄,1
寄平安金監司 謙光,1
平安吳監司 伯昌,1
咸吉許兵使 琮,1
寄咸吉許兵使 琮,1
文安撫 汝良,1
高金溝 台輔,1
都夏 以軍籍敬差官,1
寄都夏 以軍籍敬差官,1
韓子濬,1
全羅柳監司,1
平安監司吳伯昌,1
鄭梁山 蘭孫 之任,1
尙牧具致明,1
平安李監司 允仁,1
慶尙吳監司 伯昌,1
鄭密陽,1
贈鄭密陽,1
全羅監司金之慶,1
成川府使李胤孫,1
黃海成監司 尤支,1
永安監司鄭蘭宗,1
密陽林壽昌,1
全羅監司李克均,1
李淸甫拜掃韓山,1
光后菊花,1
黃主事瓚,1
丁生,1
信,1
辛永孫奉使湖南,1
成川守辛永孫,1
末舟自燕還,1
尹金海 起畎,1
平壤少尹金永柔,1
承政院諸承旨,1
人歸湖南,1
咸吉兵使楊山,1
承政院 在利城,1
舍人檢詳,1
主人節制,1
金首領,1
安首領 迢,1
曹行源,1
洪允成助戰咸吉,1
咸旨兵使楊汀,1
義州板,1
洪判書 允成以助戰元帥赴咸吉,1
崔壯元 淸江,1
助戰軍官,1
而栗兼東康孝文,1
贈而栗兼東康孝文,1
慶尙監司金淳,1
寄全羅李監司,1
咸陽城門,1
咸陽,1
具體察,1
贈具體察,1
康參判,1
贈康參判,1
金應敎 壽寧,1
海州牧使李夏成,1
全羅道監司咸禹治,1
之望,1
江原監司朴楗,1
朴健順,1
廣陵君巡察,1
羅州留鄕所鄕在所以僕陞領府寄,1
謝茂長城主李由義年兄 以陞領,1
謝光州牧元公 志於,1
光州留鄕所,1
別子濬體察江原,1
晉牧朴隣,1
魯參自燕而還,1
知製敎等所作謝恩表箋,1
鄭憑甫兄久病新愈,1
寄鄭憑甫兄久病新愈,1
曹僉知覲親詩卷,1
金生員 紐 丐老松,1
上黨巡西邊,1
魯參韻謝惠桃,1
尹洪川 志,1
寄秦寶城,1
黃海監司朴同年 嘗從僕巡,1
金溝守高台輔,1
金判事 仁民 居尙州,1
寄金判事 仁民 居尙州,1
同年李敬差 由義 在全羅,1
寄同年李敬差 由義 在全羅,1
辛長興 義卿 赴任,1
同年田敎導 稀生 在石城,1
謝富平守李垤惠蓴,1
李參判 寧適,1
呈李參判 寧適,1
金提學 新民,1
崔慶州 子初,1
李司成 專莽,1
咸吉康節度,1
梁安東 敬老,1
寄梁安東 敬老,1
全羅朴監司,1
謝慶尙監司金謙光惠養老新書,1
平安監司魚世謙,1
濟州金安撫 好仁,1
全羅許節度 琮,1
前人,1
韓中樞 致義,1
蟹醢,1
裴宣慰 孟厚,1
寄裴宣慰 孟厚,1
忠淸監司金年兄 永濡,1
永安北道兵使宣,1
贈永安北道兵使宣,1
寄永安鄭監司,1
禮判金謙光折簡問安,1
問安,1
黃海監司李同年 芮,1
寄鄭密陽 山彙,1
鄭密陽 山彙,1
李公州 未耇,1
贈李公州 未耇,1
道岬眉上人,1
扇子,1
平安監司金謙光贈扇子,1
慶尙巡察尹弼商,1
工部夜雨,1
楊忠 忠遼陽人,1
鄭政丞母崔氏,1
李巨濟 好誠 詩卷,1
撫夷樓,1
河領議政夫人,1
洪同年 敬孫,1
以答,1
醴川守鄭同年 從韶,1
贈醴川守鄭同年 從韶,1
齋體,1
古阜民樂亭韻 李公將歸,1
爲賦,1
定州牧洪益生詩卷,1
兵使,1
靈光東軒,1
咸陽城門樓,1
成陽,1
題河晉山傳犀帶詩卷 幷小,1
任判書送㴐詩韻別㴐,1
㴐詩韻別㴐,1
琉球國使東自端詩 幷小序 東,1
匪懈醴泉詩軸,1
李光後之袁州拜掃,1
義州譯學訓導李,1
雨千峯韻送井師,1
井師,1
吏曹參判辛碩祖妻氏,1
金監察 軺 赴京,1
霜桃,1
柳參判 子煥,1
同年安判事 宜厚 母氏,1
綾城君巡察平安道,1
全羅吳監司之任,1
全羅賑恤使李廣陵,1
晉牧尹同年 子澲,1
寄晉牧尹同年 子澲,1
晉牧尹公,1
李太白紫極宮感秋,1
宣府尹 炯,1
韓判官赴任羅州,1
柳子厚,1
于義州,1
金同年議政光山赴燕京 追寄于,1
成重卿赴燕京,1
題康純歸覲詩卷,1
柳武靈歸覲榮親,1
全羅道觀察使李公 克均,1
兩天使大人 鄭麟趾,1
雪霽登樓賦,1
雪霽登樓賦 雪霽登樓賦 倪謙,1
金敎官 大來,1
唱 高山放石聯句,1
河相公 演,1
朴僉使巡陵咸吉道,1
安寬厚,1
金國光歸覲嶺南,1
李觀察按嶺南,1
春川趙使君,1
外弟韓判官 繼善 之任錦城,1
崔直提學 德之 歸田,1
呈倪天使 謙,1
倪天使 謙,1
呈副使司馬給事 恂,1
副使司馬給事 恂,1
之韻送別,1
倪天使留別之韻送別,1
唱 庚午○見倪馬皇華集 敬次,1
匪懈堂詩帖,1
文溪西堂還日本,1
祁戶部大平館登樓賦,1
祈戶部謁箕子祠賦,1
張左副送別辭,1
別辭,1
梅上人辭,1
子武,1
太初,1
金校書孟,1
太初德輿兩集賢,1
鄭先生賜出牧晉州,1
淸道淸德樓,1
李主簿之湖南,1
李淸甫題畫屛,1
韓子鎭述懷之,1
崔直提學乞退還鄕 德之,1
鍾城鄭府使 種,1
倪翰林使還 名謙,1
司馬給事使還,1
倪翰林 代人,1
柳士初休復之全羅村舍,1
諸同志閑中述懷,1
連上人樓上,1
堯叟,1
景愚,1
京中諸友,1
金判官,1
淸甫學士,1
外祖權文忠公,1
僧還日本,1
金可均 鍾,1
鄭鍾城之任,1
辛都事咸吉之行,1
梁直學井明辭官歸養,1
惠上人,1
東坡咏雪,1
阿姪彭周,1
襄陽許太守,1
梁同年之任鎭海,1
靖放鶴圖,1
春坊同寮,1
金司成,1
丘同年 從直 之任,1
詞 深,1
人辭官還鄕,1
陳翰林 鍳 奉使還京,1
高太常 閏 奉使還朝,1
日本僧盛孫,1
崔獻納,1
房斯文,1
都壯元還鄕榮墳,1
朴同年 允儉,1
杜牧,1
酒蟹,1
安南使梁鵠,1
梁洪,1
金頤叟,1
日休黃雀,1
日休戒老僕,1
李舍人,1
崔樗亭,1
李都事赴咸吉節制幙下,1
黃參贊以進賀使朝京,1
姜領相歸覲晉州,1
同年尹正郞,1
大常博士高閏謁聖詩韻 使臣唱,1
書平安曹監司,1
戱之,1
成同年重卿,1
日休見寄之,1
慶尙道李處置使 好誠,1
任太常先生,1
平壤判官禹圻,1
洪日休登馬場樓,1
麻川,1
麻川暴雨行,1
酒債于推刷色諸君子,1
金書狀 軺 赴京,1
日休赴京,1
日本機外上人,1
鄭宰相 陟 赴京 己巳秋,1
吳君子,1
李承旨 坡,1
金子固赴韓元戎幙下,1
咸吉道康監司,1
金子固爲西北從事官,1
金綾城,1
執義姜公 眉壽 出守陝川,1
詩送丹棗,1
丹棗,1
濟州姜分臺 遇文,1
梁吏部,1
人休官歸嶺南,1
禮部,1
吏部,1
饅頭,1
朴同年 允儉 移桃樹,1
彥甫,1
對金飮子,1
紫豆種,1
可成,1
戒澹還鷄龍故山,1
白鷺,1
尹洪川之任,1
薏苡,1
頤臾,1
岑上人採蓮曲,1
靑草鞋寄,1
澹師從岑上人遊檜岩,1
美蒜,1
昌原李使君 壽生,1
齋集,1
洪正字歸覲,1
右議政南原黃相公賀登極使赴京,1
開慶住持,1
春坊諸學士乞酒錢,1
花山從兄,1
吳同鄰見寄之,1
李御史 允孫 分巡咸吉道,1
咸吉許元戎幙下,1
許元戎,1
康監司,1
金御史年兄分巡咸吉道,1
金同年庚 良臣 楊根村墅,1
都壯元奉使耽羅,1
金同庚 良臣,1
芭蕉,1
永川卿春夜聞笛,1
永川卿久別喜相逢,1
黃楊,1
雲山圖,1
座主高靈君,1
適至,1
李判樞,1
趙參議 瑾 朝天,1
申御史,1
漣川李太守,1
琉球國使同照上人,1
琉球國副使東照上人,1
判禪宗,1
鄭子文西原村墅,1
金同年 漬 佐幕江原,1
鷄林岑上人,1
龍潭崔太守,1
兩雙溪鴨,1
人戲書,1
高同年覲親之耽羅,1
山水圖,1
善山權太守,1
蓑衣,1
趙僉正 元祉 奉使湖南,1
南原梁君 誠之,1
公用演雅,1
沔川宋使君,1
高同鄰 台鼎,1
慶尙道觀察使尹贊成 弼商,1
高同隣 台鼎,1
金侍御 自貞,1
人歸關東,1
芹菜溪魚,1
孫同年 舜孝,1
送印上人之曹溪山松廣寺,1
印上人之曹溪山松廣寺,1
公借鳳翔花,1
數,1
朱李,1
靑芹白葱,1
隣兄吳丈,1
美梨 名訥,1
誼上人還水多寺,1
蘭竹畫簇,1
慶尙道鄭監司,1
具牧使大丘村墅 信忠,1
行上人遊香山,1
李僉樞靈光村墅 名由義,1
江原朴監司,1
芹子,1
雙鴈者,1
趙提學 秋 廣津別墅,1
文化李使君 文興,1
丹月朴察訪,1
平壤鄭監司 文炯,1
南原趙使君,1
光州李樂安同庚 調元,1
李生赴戎幕,1
趙正郞木川村墅,1
洪吉甫人日,1
紅柿,1
同年金林川 漬,1
申大司成同年遊湖南,1
林川金太守同年,1
兩韓山博笑,1
友菊齋借菊移種,1
魚將軍,1
牛溪,1
傲,1
李韓城,1
忠州朴牧使 繼性,1
熳烹鹿頭,1
趙承春提學來會村莊,1
槐山李太守 墀 尊叔,1
鼈魚者,1
新黃黍,1
叔保,1
高城金太守,1
杆城兪太守,1
礪山許太守 迪,1
安東安府使 迢,1
崔監察赴京 淑卿,1
洪元戎 伯涓 赴幕,1
克敬上人,1
平安道鄭 積 評事,1
高同鄰,1
平安李監司 坡,1
辛同年 柱 赴邊,1
黃蟹者,1
黃同年 允元 春川村墅,1
平安道廵察使許陽城,1
吳鄰老 孝永,1
徽上人,1
水鍾寺允禪老,1
姪李 演,1
申司成 子橋,1
柳太初,1
黃同年 允元,1
琴同年以詠高靈村舍,1
琴同年,1
諫院,1
平安道許廵察使,1
知禮鄭使君 錫堅,1
平昌李郡守,1
楮生次,1
許廵察奉,1
黃 允元,1
黃同年,1
韓山李太守,1
伯,1
順天府使李公之任,1
子固金公,1
蔡應敎 壽,1
人求書詩軸,1
居昌君愼公 承善,1
秋,1
鄭東萊赴京,1
李執義 命崇 充書狀官赴京,1
別安東權判官,1
蓴菜鯽魚,1
永川貴公子,1
戒仁上人,1
淸隱師,1
伊上人覲親之湖南,1
浩上人遊智異山,1
伴閑亭,1
永安李節度,1
州牧李尊叔,1
武靈柳君參判尹君,1
東萊嚴太守,1
正朝副使張公,1
詩江原成監司 俔,1
同隣居士,1
浩上人寄紙,1
尙州,1
忠淸孟節度,1
玄風楊太守,1
柳斯文之東萊,1
根上人還,1
旭上人還俗離山,1
綿魚,1
海州房 玉精 判官,1
客西郊,1
江原柳都事,1
成監司,1
炯上人遊香山,1
詩根上人,1
靑鞋,1
海州房判官斯文,1
全義君李 德良,1
蟹,1
福泉妙墨,1
籃輿,1
金同年 永濡,1
泛漢江,1
獻魚,1
楊花渡,1
雙溪齋桃花洞,1
柳正郞,1
沈豐山 膺,1
公來訪,1
製,1
和製,1
永安李 封 方伯,1
崖蜜,1
山谷詩集,1
靈光權上舍同年,1
李參判 瓊仝 歸全州,1
人蔘,1
李君 泙,1
李陽原,1
天安崔郡守 璘,1
林川金太守,1
魚蟹,1
鄭大司成 孝恒 南原村墅,1
成都事,1
李方伯博笑,1
金光城,1
黃柑,1
成中樞 俔,1
尹洪州梅花詩韻兼柬吳君子,1
昌原府使,1
黃山谷集,1
坡平,1
吳度節純,1
日本僧等堅,1
竹,1
日本僧元鷟還國,1
正使安州遇雪,1
過淸川,1
登百祥樓,1
百祥樓却妓,1
晚登肅寧舘,1
晚宴安定舘中韻 宴時,1
憩江亭韻 以下,1
淸川江,1
却妓,1
肅寧途中,1
過淸川江,1
却妓韻博笑,1
登浮碧樓,1
謁箕子廟,1
登舟,1
平壤懷古,1
雪後黃州,1
和陳黃門,1
陳黃門,1
和金太僕,1
金太僕,1
登鳳山環翠樓,1
登鳳山環翠樓次陳內翰,1
至龍泉舘,1
佳篇,1
龍泉舘,1
寶山舘,1
金巖途中,1
過臨津舟中,1
過臨津韻 正使,1
正使曉發碧蹄舘,1
副使發碧蹄,1
奉使出京,1
過楡關,1
登山海鎭東樓,1
發廣寧都憲諸公餞于東郊,1
高平道中,1
尖山觀獵作雉之飛,1
廣寧道中宿土民家,1
將至鴨綠寄遼陽潘侍郞陳憲副,1
遼陽潘侍郞陳憲副,1
過鴨綠江,1
宴義順舘,1
車輦舘盤松,1
林畔舘,1
雲興舘,1
嘉山嶺,1
副使宿良策舘,1
副使曉發林畔舘,1
副使宿新安舘,1
副使過堂於嶺,1
副使遊漢江,1
正使龍頭山晚酌,1
副使登大平舘樓,1
正使重渡臨津江,1
副使重過金郊驛,1
副使重渡大同江,1
副使重過大同舘,1
副使重過安興舘,1
兩使重過淸川江,1
兩使重過博川,1
副使重過林畔舘,1
副使重過鴨綠江,1
正使渡鴨綠江西還,1
正使渡鴨綠江西還 定州禹判官,1
正使渡鴨綠江西還 次,1
正使渡鴨綠江西還 次韻高嶺東,1
山行紀東寧土俗 正使,1
光山下營,1
開州道中遇雪,1
董家峪,1
明遠樓,1
關西方伯,1
靈巖李使君,1
閔貞赴任原州,1
所川驛柱,1
忠州龍眼驛壁上,1
金錄事粹老,1
愼懷中歸鄕,1
姜判院事,1
李同年壁,1
梁順天,1
柳正言桂芬,1
姜生,1
鄭生山彙,1
李公寶之,1
李克亨,1
靑山綠水夕陽遲之句,1
裴進士仲厚,1
孫監察栗亭,1
李參議義林寺,1
巨濟儒生高以寧,1
成宜寧,1
尹濯詩軸,1
堂弟昱,1
枊正言桂芬,1
山陰東軒,1
黃頭老,1
高太常 閏 思親辭,1
伯氏 承周 讀書靈通寺,1
倪內翰 謙,1
司馬給事中 詢,1
倪內翰司馬給事中詩 代人,1
寄題濟州觀德亭,1
題濟州觀德亭,1
送定州牧,1
定州牧,1
禁直聞鵲,1
金文學 壽寧 如京,1
鄭少年,1
任弼善如京,1
義州牧嘲新妓,1
陳內翰 鑑,1
陳內翰思親,1
高大常 潤,1
高大常却妓,1
高大常思君,1
陳內翰題荷花雙鷺圖,1
陳內翰芍藥,1
高大常喜雨,1
陳內翰渡臨津,1
諸宰相,1
陳內翰奉別諸宰相,1
高太常途邊奇松,1
高太常留別朴判書 元亨,1
陳內翰詠甁中蓮花,1
陳侍講鑑,1
魯同年 參,1
筆,1
上黨君關西之行,1
經歷安同年,1
天使張給事 寧 大同江,1
張給事龍泉途中,1
張給事臨津船上,1
同官李正郞,1
姜子久之任陜川,1
別洪應之扈從,1
尹府尹奉使下,1
禪師明信,1
沔川,1
瑞山,1
時化驛壁上古人,1
忠州慶迎樓,1
鎭川蓮亭,1
詞 又 代人,1
節度使,1
崔先生灝,1
中朝使金 湜,1
陳翰林 鑑,1
鄭監司 蘭宗,1
送邊侯,1
邊侯,1
蔡年兄申保察訪右道水站,1
慶州金府尹,1
廣原君李侯 克墩 朝燕,1
濟州梁牧使 瓚,1
張左司 瑾 漢江舟中,1
高靈,1
送申監察 季琚 赴京,1
申監察 季琚 赴京,1
公 錫文 挽詞,1
金執義 礪石 赴京,1
達城與內弟權節度使 擎 相別,1
申參判 浚 赴燕京,1
成府尹 任,1
某乞郡,1
李大司成觀察全羅,1
安察訪,1
某,1
高判事,1
巡察使陽川君 許琮,1
賄,1
者,1
謝人送當歸,1
當歸,1
戒浩上人住貝葉禪舍,1
同年友,1
安東牧使,1
全州府尹,1
余求賡,1
山海衛,1
豐田驛,1
新安驛,1
韓宣慰曹從事,1
兪 好仁 歸養,1
成景武 允文,1
金大司成 禮蒙,1
友婚金 千齡,1
西平,1
蔡大憲 壽 歸嶺南,1
海印寺上室板,1
柳武靈子光,1
壁上先祖通亭,1
菩提津暎碧樓,1
江陵板上,1
高城板上,1
礪山別室板上,1
龜兒,1
從姪翰林居孝,1
兪正字 好仁,1
洪江寧 元用 林亭,1
人歸晉陽,1
黃 琦 詠松,1
東坡洞霄宮,1
李節制之濟州 李卽平靖公約東,1
景武寓遼時所寄,1
河都事,1
黃 琦 愛日堂詩卷,1
妹婿子瞻出牧光州,1
吳寅赴西都,1
金太守 宗直,1
李內相 瓊同 出按關西,1
金 孟性 高靈謫居,1
藥蜜,1
梅奴,1
從弟柳潭陽壤,1
平昌壁上,1
酒泉驛壁上,1
景武,1
日本國王使臣俊超,1
權御使 健 觀光,1
申高陽 浚 朝京,1
倪天使還京,1
司馬天使,1
李子野,1
伯氏演雅,1
李公歸覲,1
盧正郞,1
重卿,1
群公,1
崔勢遠下第,1
晉州權楊口淸風亭韻 楊口之壻,1
漆原東軒韵,1
同年崔使君,1
妓咏甘棠,1
成宜寧韵,1
林使君 秀卿,1
芮少尹赴平壤 公戊辰年,1
宋中樞處寬韵,1
沈觀察使 璿 韵,1
曺淸河之任,1
琴翰林以田制敬差官歸慶尙道,1
專上人遊金剛山,1
崔正字 叔精,1
金經歷 軺 赴江原道,1
仲容兄 宗裕,1
善源在星州,1
金觀察使之慶妻氏之舟,1
鄭輔德 自英 韵,1
金監察續如明,1
李僉知 宗儉,1
柳御史 孝潭 韵,1
孫公,1
子固 金紐,1
勢遠韵,1
成敬差官裕,1
希禹,1
茂松君韵,1
楊檢閱守泗,1
到蔚山,1
府使,1
靑松讚慶樓,1
永川使君,1
崔靑松 尙柔崔以武擧,1
對馬島宗,1
安東敎授趙 昱,1
晉州尹判官 淑 詩軸韵,1
咸石崇柳溪亭韵,1
永嘉趙通判 瑞廷,1
鎭甫,1
平澤東軒韵,1
韵善源病後,1
善源止止堂韵,1
金進士訢如榮川,1
金進士尙簡之蔚珍,1
之蔚珍,1
趙別提 蘺 父母移葬 墳在豊,1
朱敎授 伯孫 詩軸,1
表都事,1
金懷德 閏宗 還故居,1
梁觀察使 順石 赴黃海道,1
兪生員落第還咸陽,1
吳敎授,1
老母旨味,1
台甫赴蔚山帥府,1
楊學源以書狀赴明,1
廣陵君南原東軒韵,1
表上舍之咸昌成親,1
賀金壯元訢 金,1
姜與齡,1
朴盈德,1
晉州牧使權良,1
通上人,1
鈞,1
繼中,1
貞甫如京,1
金都事 首孫,1
高靈府院君,1
善山敎授鄭美中,1
尹生員 孝諧,1
崔判書 善文○同年崔漢公,1
領相,1
槐院諸公,1
鄭使君,1
韵以答,1
空上人住持寶蓮寺,1
子眞昆季,1
烏臺諸公,1
仲容兄點風臺韵,1
鍾娘,1
古涅僧,1
辭狀,1
姜僉正龜孫,1
示袈裟魚,1
袈裟魚,1
無比師,1
木瓢來,1
龍仁,1
金觀察使永濡,1
許學長韵,1
許學長,1
李氏夫人 夫人,1
陶淵明述酒 幷,1
仲容兄韻戲大虛,1
內 墻下牧丹新茁,1
金參校自貞奉使對馬島,1
韵德峯空上人,1
齊 韵,1
趙吉城 順道 之任,1
僧敬敏還,1
敏上人還,1
住持牛師,1
愼村韵,1
龍宮李使君,1
李濟州赴任詩卷,1
高文佐 名台翼,1
張主簿,1
東萊君帥永安道,1
林貞叔,1
貞叔,1
鄭開寧 蘭元,1
玉如知雜,1
玉如商霖之什 玉如幷示御製喜,1
御製喜雨,1
朴正字 末柱,1
不倦軒韵,1
黃敎官,1
李進士 翰 南軒韵,1
金滾,1
仲素,1
韵附呈,1
人歸日本,1
金校理訢如日本,1
趙佐郞之瑞,1
剛叟 時中外處女,1
安上人詩卷,1
苽堂兄,1
仲氏,1
冲甫,1
盧君,1
孫生員孝祖,1
使君,1
李生䎘,1
李牧使名北城樓爲拱辰,1
望京樓,1
申使君允宗赴永川,1
林大丘壽昌 侯,1
權典翰健,1
詞 古阜父子,1
宋生員 故都事順年之子,1
余讀之,1
光州朴牧使楣,1
朝正使李參贊克增 代,1
東鄭使君憺,1
李郡守,1
神勒牛師,1
金安東元臣之任,1
黃海道權都事景禧,1
趙判官達生赴永興,1
居易從上黨君如京師,1
司饔鄭正永通,1
司䆃副正金孝夫名閏宗,1
副天使,1
平安道節度使鄭東萊蘭宗,1
李旌義暹,1
京畿觀察使李公吉甫,1
南判官忻,1
永安道觀察使延安君李相公叔琦,1
崔經歷,1
贈士廉,1
金誠之赴燕,1
魚 善,1
金僉正 龜,1
李判官績之任 李自正言,1
羊肉,1
李觀察使 有仁 之江原道,1
李正 墀○政丞原之子,1
金捴管 舜臣,1
安興德子誠,1
大虛苦雨,1
金判校 悌臣 奉使永安,1
安判官 潤孫 赴會寧,1
宋牧使 遙年 之任洪州,1
奇靈光 禶 之任,1
洪判官 浻 赴慶源,1
李牧使 壽生 赴濟州,1
題同福縣凝翠樓,1
崔參議漢禎,1
李右尹季童,1
崔迎日有恒,1
趙龍津 漢平君益貞之父,1
朴參軍,1
慶州判官 宜碩,1
關東瓦注,1
黃佐郞 啓浚 以質正官,1
蘇進士等乞筆,1
靈光守奇公,1
順,1
內廂壁上,1
玉娃,1
成參判 健 奉使朝燕京,1
密陽司馬諸子,1
富林君,1
完山都會諸生,1
朴秀才仲豪,1
臨陂慶君祥,1
金月城,1
忠淸姜都事 參,1
崔台甫,1
成都事 希曾 赴平壤,1
崔觀察使應賢巡忠淸道,1
于江上口號,1
李觀察使 淑瑊 赴湖南,1
邊節度使 脩 赴海美營,1
忠淸李觀察使 則,1
仲容兄,1
靈泉館韻 在濟州,1
平康訓導孫順祖希述,1
趙虎賁末孫,1
智覺,1
平康客軒,1
公叔,1
僧雪岑,1
舍弟 淑卿 歸覲永昌,1
李佐郞 芸奉幷,1
友人朝京,1
友人出守驪興,1
友人作縣嶺南,1
友人入京,1
盧隱君,1
友人妻,1
友人妻李氏,1
友遊慶州,1
成同年 耼年 遊關東,1
友人作縣,1
元上人,1
李觀察 瓊仝 赴黃海道,1
伯仁韻留別,1
河節度,1
李玉如 瓊仝,1
皇太監賜宴,1
尹監察,1
善山守金季昷,1
柳潭陽 壤,1
兪同年 好仁 辭職歸養嶺南,1
友人辭職歸養嶺南,1
友人往守嶺南郡,1
友辭職還鄕,1
許同僚,1
寄許同僚,1
僧文郁,1
道士,1
善行題詩軸,1
梅師,1
牛上人遊方,1
微上人,1
尙執明帚坐花間,1
靈光僧,1
僧還鄕,1
淸隱,1
山上人,1
道安字高世,1
安生員,1
高同知,1
肅川府使,1
祥原守,1
江陵朴處士,1
李生欲訪 瓚,1
遣興,1
權幽士之頭流山,1
人如京,1
薤露歌,1
梁父吟,1
淵明遊斜川,1
示周祖,1
周祖,1
淵明乞食,1
怨詩楚調,1
答龐參軍,1
龐參軍,1
連雨獨飮,1
還江陵夜行途中,1
爲建威參軍使都經錢溪,1
還舊居,1
於西田穫早稻,1
於下潠田舍穫,1
李居士 蒙哥,1
從軍者,1
順安守,1
永柔守,1
別寄遠,1
蔡水使 明陽,1
老翁李君 平壤,1
漁父,1
鄭奭先輩 泰仁,1
金進士 振文,1
朱上庠 繼楨,1
柏栗契,1
樓 蔚山,1
孝寧大君,1
上元丈室,1
善行入深峯,1
燈油,1
主人之舍,1
淵明和柴桑,1
淵明酬柴桑,1
柴桑,1
尹亞使,1
狎鷗亭,1
春川,1
山花,1
定國等,1
丈叔,1
槐山東軒,1
淮陽,1
鏡鋪,1
通川東軒,1
先祖,1
薛水使,1
朴敎授 孟智,1
閔佐卽,1
伯勝,1
劍,1
咸興仙景樓,1
京極殿使老衲,1
益城諸先生,1
晉州崔通判,1
樓上韻以相示,1
陰城,1
李參判 克墩士高 赴京,1
朴君嚴覲親平安之介州,1
永叔,1
金進士粹洪歸尙州,1
幽谷察訪崔漢赴任兼戲之,1
李司成文興歸龍宮,1
解,1
李應敎量田江原道,1
德摻,1
中書舍人列位,1
慶尙道都事洪君自阿,1
泗川縣監楊煕止,1
閔檢詳,1
金伯雲韻 名駿孫,1
興德,1
古阜別館,1
鎭翁,1
權載之歸淸州,1
監司雞林君鄭可久,1
洪校理浻通判慶源,1
柳校理桂芬赴嶺南軍容巡察使徐,1
李承旨瓊仝,1
申書狀從濩,1
姜,1
同遊李參贊,1
陳嘉猷魏瀚,1
譚珪詩 幷,1
安南使阮安恒甫,1
李公景元出尹全州,1
李府尹世弼赴任慶州,1
韓公堰奉安胎室大丘,1
示史局諸僚,1
史局諸僚,1
李鴻山宜碩,1
江原監司李遂初 名復善,1
國佐,1
高城,1
金海府使洪公漢忠,1
安子珍出鎭合浦,1
金進士粹洪,1
謫人,1
叔度邀枉,1
崔漢源觀察湖南,1
合浦兵使安子珍,1
大平館,1
宋參判瑛,1
韶挽章,1
崔佐郞連孫奉命湖南,1
崔同知應賢罷歸江陵舊隱,1
河南公,1
金正鍊叟奉使對馬島,1
士高之行,1
與,1
慶尙使相李公克均,1
同年許上舍宗乾,1
田節度霖赴任合浦歌,1
希明邀臨,1
支卿,1
贈支卿,1
叔強承命向嶺南,1
延原君李君崇元,1
漢平君赴嶺南節鎭,1
李府尹德崇赴任全州,1
倭刀硯,1
察訪裵哲輔赴任幽谷,1
李參知均,1
景元,1
詩來,1
鄭使君誠謹赴忠州牧,1
彥國讀書楊花島,1
吳郞,1
柳判官續拜持平歸京,1
李評事長坤,1
惠蓴菜,1
連山東軒,1
朴同年屯翁,1
丁不騫 壽崑○時不騫寓於他,1
丁香,1
安子珍 琛 出鎭合浦,1
安副正 彭命,1
楊州牧使權侯 仁孫 赴任,1
李藩仲 封,1
李侯 順命 赴任咸安,1
曺大虛 偉 觀察湖西,1
蘇景坡 斯軾 赴任通川,1
崔察訪 漢 還南,1
安州,1
開城太平館,1
鳳山樓絶句,1
太平館,1
幷州刀,1
李同年子芳 蓀 觀察黃海路,1
領敦寧尹公 壕,1
河南君鄭孝叔 崇祖 謫湖南,1
曺大虛赴京賀聖節,1
安栗甫,1
醴泉郡守朴侯天支 漢柱 赴任,1
孫判府敬甫,1
金佐郞 驥孫,1
李衡仲 均 邀枉,1
平安監司鄭孝昆 敬祖,1
朱溪君 深源 詠梅,1
槐山太守,1
槐山,1
謝諸州使君枉慰,1
西北面都元帥李邦衡 克均,1
平安 缺 使,1
權知樞叔強,1
獨秀軒,1
柳希明 洵,1
詩邀話,1
金知事 諶,1
李同知國耳,1
安邊府使朴 始行 赴任,1
李評事希剛 長坤,1
崔參校 璘 歸延安舊隱,1
鄭佐郞子健奉使嶺南,1
贈醒狂子,1
醒狂子,1
權應敎支卿 柱,1
李衡仲求和,1
槐山郡守金侯義童赴任,1
朴牧使赴任羅州,1
金僉正 薰,1
長水縣監李希孟,1
許政丞 琮,1
衡仲 漁隱李藩仲號,1
詩 代人作○乙卯,1
裵察訪 哲輔 赴任幽谷,1
同年權上舍 紹,1
河南君鄭孝叔初謫還,1
校理 璸,1
金府尹待價 瑄 赴任全州,1
柳司藝雲卿 陽春 謁告歸安東,1
鄭參判 眉壽 回自咸鏡,1
權太僕宣慰日本使,1
李典翰 自堅 蒙差晉州道從事,1
朴艮甫巫山,1
權時甫 得經 和朴艮甫,1
全部將,1
許府尹 誡 赴任慶州,1
李國耳 竝,1
咸鏡北兵使,1
都承旨安善卿 潤德 觀察嶺南,1
江原使相權 侹,1
金海府使洪 漢忠,1
沈 克孝,1
金判官赴任穩城,1
權咸興 仁孫,1
金近仁 甲訥 宰珍原,1
丁不騫希和,1
李都事 克圭 赴湖南幕府,1
柳震卿護倭使之嶺南,1
金佐郞 孟性 護送日本使歸嶺,1
求歌詠以侈上賜,1
咸昌訓導裵 哲輔,1
謝鳳池諸公見訪,1
謝中書郞,1
慶州道從事官李判校 浤 兼省,1
蘇判官景坡奉使永安,1
諸公求和,1
河南君鄭孝叔賀正赴燕京,1
別朴屯翁竣事還京,1
閔監司士孝,1
唐音,1
務安縣監權平仲 挒,1
亞使金子胤,1
南門樓,1
河狀元,1
南鎭翁,1
古阜訓導,1
金公亮 仲演 分司西湖鞫囚,1
金季昌世蕃,1
湖南亞使金子胤,1
柳希明東郊,1
春塘先生赴永安節度使幕下,1
綾城樓,1
朴判官之尙州,1
高正台鼎,1
盧希亮于春秋館,1
劉夢得贈看花諸君子,1
看花諸君子,1
武伯蒼日出事還生詩韻寓懷,1
李長吉,1
江原監司朴 楗,1
安山郡守,1
柳正言 桂芬,1
孫承旨敬甫,1
右承旨,1
李注書國耳辭職,1
山 自阿,1
朴僉樞 始亨 沐永興溫泉,1
藝文舊僚,1
陳簡齋休日上馬,1
齋休日上馬,1
南原府使金子胤,1
從事李 世佑,1
金同知子胤,1
黃海監司李蕃仲,1
故人,1
姜貳相迎曙驛,1
姜貳相碧蹄驛,1
姜貳相興義驛巖石,1
全義君,1
與李節度留別,1
李內相伯彥宣慰定州,1
韶夜聞鵑聲有,1
書狀高平驛,1
書狀到廣寧,1
蘆峯口壁上,1
壁上華人,1
書狀共之,1
贈邵鎭,1
國子監儒譚珪,1
安南使,1
安南使阮偉挺夫,1
遠曲,1
永川君,1
如晦,1
家,1
洛山寺樓上,1
無功,1
敎官祈盤,1
風月樓,1
李參判士高赴京,1
朴參判子啓按察嶺東,1
平壤鄭知常樓船,1
隋城東樓,1
富平軒,1
喬桐板上趙政丞,1
梁山雙碧樓,1
永川明遠樓,1
安東映湖樓,1
聞慶東樓,1
晉州矗石樓,1
居昌東軒,1
知禮東軒,1
淸州東軒,1
世亨,1
江陵南判官,1
金化東軒,1
戒悅,1
酒餠,1
新溪東軒,1
利川愛蓮亭,1
蔚珍凌虛樓,1
旌善北樓,1
洪川軒,1
狼川軒,1
伊川東軒,1
平康東軒,1
杆城樓,1
麟蹄軒,1
原城裏薔薇半開,1
旌善軒,1
麒麟懸壁上,1
麒蹄軒,1
神曲,1
平昌軒,1
世享,1
至南浦,1
慈山軒,1
江東軒,1
咸從軒,1
龍川軒,1
朔州軒,1
理山東軒,1
魚川驛壁上,1
車輦館金太僕湜,1
申次韶登龍虎峯,1
雲興館金太僕,1
德川軒,1
煕川,1
城干壁上,1
江界仁風樓,1
新節度使李公秉正,1
進香使刑曹判書李藩仲封赴京,1
副使柳于後 子光,1
于舟中,1
子強兄以謝恩使赴京,1
希亮,1
餞江上,1
至大同江,1
砥平小亭,1
永安節度使曺文緯,1
京畿監司金伯春于東門外,1
柚子,1
野猪頭,1
咸鏡監司鄭耆叟,1
義根禪宗還山,1
世亨出倅伊川縣,1
輕薄少年,1
金進士訴南遊謁外舅,1
里,1
書狀元壽翁,1
亞使子珍,1
星州百花軒,1
榮川字民樓,1
府使希尹,1
于慶會樓下,1
歸去來辭,1
湖南使曺大虛,1
玄悅上人,1
韶 從濩,1
李壯元士雅 承彥 南歸,1
徐使相 居正 贈別,1
曺大虛 偉,1
曺大虛寄贈,1
徐使相遊太和樓韻 同從事李公,1
樓韻 同從事李公世佑,1
撫民樓韻 樓在珍原,1
臨溪院韻 院在靈光郡北,1
明遠樓韻 樓在永川,1
淸涼堂韻 堂在明月樓東,1
朴孝子末山 幷小,1
漾碧堂韻 堂在聞慶,1
佐贊驛韻 驛在竹山縣北,1
慶迎樓韻 樓在忠州,1
望僊樓韻 樓在淸州,1
淸醼堂韻 在望仙樓西東軒北,1
駕鶴樓韻 樓在黃澗,1
赤登樓韻 樓在沃川郡東南,1
元巖驛韻 驛在報恩縣南,1
結城客館,1
繫風樓韻 樓在洪州,1
嶺南樓韻 樓在密陽,1
朴天支 漢柱 赴任醴泉,1
奇士贇 襸,1
醴泉東軒,1
曺叔奮 伸 之順天,1
贈金大猷,1
趙秀才 光祖 ○幷小,1
曺大虛,1
贈成 希顏 愚翁,1
成 希顏 愚翁,1
硤石,1
韓武康,1
龍山道士,1
李季蘭,1
題僧院庭竹,1
蘄博士,1
紗帽,1
友人贈紗帽,1
李山人,1
張少府,1
秦系徵君,1
李益,1
陸侍郞,1
胡大,1
朱大入秦,1
題蔡隱居麗句亭,1
丘員外,1
王,1
內兄盧綸,1
陸澧,1
朱放,1
王司直,1
人遊東陽,1
趙縱,1
柳淳,1
西峯僧,1
靈,1
天台道士,1
林處士,1
伯言登西樓,1
彈琴者,1
金山寺,1
榮長老,1
筍,1
歐陽价謝傳眞,1
邛竹杖,1
潘司直,1
竇彥學士,1
章表民,1
仲恭,1
凝明府,1
綾歌者,1
社主常公大師,1
譚,1
法乘,1
法淸,1
都世隆,1
黃 塋中,1
僧信行,1
僧德峯,1
僧祖繼,1
太守伯雲,1
呈太守伯雲,1
趙大翁,1
金秀才乞酒,1
上舍吳永年,1
頭難先生,1
戒上人,1
董內翰,1
粹甫,1
弟勿翁,1
方生員 叔止,1
曺吏,1
僧繼英,1
太守 大虛,1
典醫奉事金自漢,1
送崔秀才 世淸,1
崔秀才 世淸,1
表司議 沿沫,1
畫師允了筆僧性默,1
郊隱,1
丁某之江南,1
客詞 虞美人,1
謙甫,1
趙府使之周,1
子卑,1
詠蘭,1
舍弟之京師,1
韓魏公,1
鳳鳴樓,1
伯雲惠,1
金瓜堂,1
艾天使大同江,1
開城大平館,1
謁箕子,1
梁訓導 愼,1
贈梁訓導 愼,1
鈍器,1
祈大人,1
洪府尹 貴達,1
呈洪府尹 貴達,1
全羅成節度使俶,1
洪吏部貴達出按江原,1
金質正官礪石赴燕,1
金堤兄崙,1
李國耳,1
居易赴燕,1
權修撰奉使耽羅,1
從父尹鷄林,1
章 嘗幸溫湯違豫,1
梁虞佐佐幕嶺南,1
李右尹朝正,1
曹君淑沂出宰江陵,1
成監司俶按嶺南,1
安監司,1
朴經歷宗元,1
觀察使孫公澍,1
僚友,1
人題雪竹簇子,1
別詩軸 幷,1
尹巨源喜雨,1
李永春之任,1
崔光弼之任明川,1
黃佐郞 啓沃 赴燕京,1
下第,1
堯叟之,1
載淸,1
友人會話之,1
萬戶赴鎭,1
權君饒,1
應台,1
元鷟上人還日本國,1
戶曹鄭判書,1
呈戶曹鄭判書,1
座右,1
應製,1
尹龍涎見寄之,1
傅翁,1
希仁梅樹着雪似花,1
眉叟詠玉堂紅芍藥,1
朴彬可秋雨晩涼韻 仲儉,1
黃都事還任忠淸道,1
刑曹金佐郞,1
別友人,1
鄭評事 積 赴平壤,1
李校勘 德崇 之湖南 公以點,1
朴德源,1
尹參奉 𥖝,1
鄭參校 孝終,1
趙佐郞 枰 榮親歸白川,1
黃著作 璘 榮親歸善山,1
尹進士達莘還鄕,1
伯仁見寄之,1
舍弟之實,1
徐判官 赳,1
伯仁見示之,1
牧之,1
家兄永叔,1
金上將,1
朴黃兩司評,1
山蔬,1
任僉樞 俶 之任靑松府,1
文義東軒,1
宣川東軒留題,1
桂海上人,1
鄭司直歸京,1
黃州裴判官,1
金通判大人,1
梁使君,1
金監司壁上留題,1
壁上情字,1
平安外,1
遣懷,1
澄之丈,1
子還京,1
康年兄伯珍,1
朴都事還京,1
歌者,1
盧議政出鎭永安 時,1
智淸師,1
旭上人,1
柳牧使 文通 赴尙州,1
崔鄕貢瓛韻 崔,1
洞水落石,1
福靈寺壁上,1
邵圭先生,1
璿上人,1
提學兪鎭,1
楊大峯 煕止 出宰玄風,1
栗亭李先生 寬義,1
友人權 名欠攷,1
曺叔度,1
楓崖禹德父歸嶺南,1
權裕之,1
別伯淵謫伊川,1
子挺意,1
僉正申胤宗遊金剛山,1
叔於豐德山寺,1
和叔於豐德山寺,1
陳百源,1
海超,1
表訓住持智煕,1
慶會,1
東坡月下詩韻聯句,1
具子元,1
住師了還,1
高繼倫,1
別健叔,1
性休,1
君度書壁上,1
君度書壁上韻 附君度,1
別商卿奉使嶺南,1
留後柳洵,1
洪精孫,1
楓崖嶺南,1
留後曺侯之,1
柳思庵碧瀾渡,1
吳誠之,1
祖成,1
郭巖石,1
虎溪興,1
雲溪僧省慜,1
夫,1
李經歷君度 師準,1
使戲示 癸卯年間,1
癸卯年間,1
使相雨中思鄕,1
使示,1
金僉知希輿 友曾 秋夕月夜,1
南學諭 趎 還鄕,1
柳僉知子野 坰 示韻 伴直衛,1
韻 伴直衛將所時,1
沈百源 克孝 踏靑,1
海平君尹思愼 煕平 飮花山第,1
金生員,1
友徐智元,1
尹都事 喜男,1
宋監司可中 軼 示,1
韓察訪,1
富寧東軒,1
鐘城板上,1
尹相 弼商,1
富寧板上,1
永興趙判官 達生,1
使相示,1
李上將,1
趙礪卿,1
彥博,1
沈百源,1
襄陽府使李遵聖 仲賢 ○有寬,1
枕流堂君度,1
李國幹 世卿 登第 庚子,1
梁參議伯英 芝孫 示,1
鍾生驛謫居鄭德秀 麟仁,1
而毅,1
楊根壁上,1
朴進士,1
玉卿,1
希輿,1
文書狀官 瓘 赴燕,1
君度扇子,1
慶同知可久 世昌,1
燕城戲寄君度,1
酒軒來訪還家寄,1
閔郞 蘭馨 之洪州覲親,1
枕流堂 前日送簡云,1
簡云,1
大同江韻 回文 謹次 回文○,1
新昌權浩叔,1
浩叔鄕居題詠,1
朴奎甫 衡文 示,1
洪點馬 淑 還京,1
李國幹登第歸覲永興,1
崔生員 永善,1
子野詠項王,1
送人,1
金柳月夜,1
金積城,1
希輿子野示戌婦,1
戌婦,1
希輿之任定州,1
海陽軒下,1
臨津渡,1
林殿中 偃 還京,1
會寧,1
李懷璧,1
與客對琴待月,1
李府尹 㙉,1
酒軒枕流堂,1
宋參奉母夫人,1
慶都事母夫人,1
朴承旨 壕 夫人,1
君度秋懷韻還呈,1
韓牧使夫人,1
同年李伯彥 世佐 觀察忠淸,1
兵使示,1
會寧南城樓,1
慶源板上,1
崔正 堧,1
狼川東軒韻 幷,1
金希輿 友曾 秋夕翫月,1
沈直講 家甫 家軒,1
韓修撰 訓,1
金參判子龍,1
成政丞愚翁 希顏,1
濟州牧使李子厚 㙉 之任,1
李牧使,1
文書狀官赴京,1
礪原府院君宋可中 軼,1
權旌善,1
同年孫正 元老,1
趙礪卿靈通寺,1
同年李崇甫 坫,1
枕流堂李君度,1
酒軒嘆老吟,1
閔左尹國瑞 祥安,1
蘇求禮 自坡,1
同年洪副正祥卿 慶昌,1
會寧府使金 瑚,1
金燕城 俊孫,1
閔相 壽千 觀察江原,1
李判書健之 自健 ○李公自堅,1
李應敎之仁同展墓,1
君度枕流堂,1
李參判,1
朴安山母夫人,1
金海魚舍人,1
鄭監察 後官至參判 子健 錫,1
陶淵明止酒,1
泣玉,1
庶兄子眞 佺,1
宋可中,1
辛德優,1
雙淸堂宋 愉,1
虛菴江南叉魚之樂,1
朱子竹窓韻 瑣錄曰,1
同學諸子,1
俗離寺住持學誼,1
朴奎甫,1
洞水 落石,1
夢歸,1
慶尙都事李 忠彥○李曾遍遊嶺,1
權 叔強 赴燕京,1
玄,1
金孟性,1
高陽君申 浚 宣慰使,1
韶左轉爲敎授,1
洪州牧林秀卿 時申次韶左轉爲,1
崔判官 有江 赴燕 有江,1
趙判官 達生 赴永興,1
鄭子健 錫堅 赴燕,1
鄭 知常,1
洪判官 泂 赴慶源 弟湜瀚皆,1
弟 伸,1
金知事謫居,1
文憲公朴相國 元亨,1
呈李節度,1
李節度,1
金僉知 自完,1
韶 李 通之 夜飮聯句,1
朴益夫,1
權應敎支卿 柱 赴對馬州 去,1
李參贊 承召,1
祈郞中 順 韻 是日龍掛樓前,1
畢齋先生過月出山,1
崔台甫先生 漢公,1
李參贊 塤○李公爲宣慰使,1
伯彝 倫 子眞 佺 兩庶兄,1
金校理 延壽 赴淸風,1
董主事送別韻 禮部兼主事名忱,1
別韻 禮部兼主事名忱,1
董主事 董忱,1
劉主事送行韻 故學士劉吉之子,1
行韻 故學士劉吉之子,1
李仲敬 穆 韻 被戊午禍,1
李仲敬,1
宋觀察使 可中 寧邊客館,1
同來諸子,1
宋 可中 留別,1
龍灣崔牧伯,1
陳判官 岩壽,1
吳龜城 自瑩○謫防戍義州,1
寮主僧,1
許 獻之,1
李敎授季宗,1
同遊諸子,1
庶弟伸 桃源憶故人,1
德優酎字,1
待正,1
野老,1
正中百源 自號蠶嶺,1
權翰林歸覲嶺南,1
御製燭刻,1
叔強次韶,1
慶源府使黃士恭,1
姜浩浩歸覲,1
浪叟詠梅,1
諸席上,1
見上人,1
曺大虛咸陽赴任,1
答持正,1
答琴軒,1
我酒,1
答薄田,1
鷲翎,1
魚大將有沼拜歸永安巡察,1
妓繡鞋,1
益城相公,1
李中樞拜歸永安北道兵使,1
諸坐中,1
韓柔可全羅都事,1
金眉叟,1
家弟浪叟,1
持正山房書事,1
誑上人,1
正中西湖泛舟,1
李評事,1
琴軒浪叟,1
民樂亭板上,1
生員張翼,1
胄之,1
正中香奩,1
澄之乞酒債,1
甘露寺板上,1
答永安兵使,1
永安兵使,1
綏之,1
兵使李子倰,1
全城妓玉眞,1
李校理承健,1
于梅姬,1
金司諫,1
韶家會話文士,1
君度畫梅,1
兒輩,1
稚圭,1
赴牛莊驛,1
至海州衛,1
過沙嶺,1
過平洋橋,1
小凌河逢張詔使,1
赴曹莊驛,1
赴凌河驛,1
金國卿觀察湖南 名安國,1
堂弟海州申牧使永洪,1
詞 名世仁,1
安正字 處善 質正官,1
赴遼陽,1
管押使安可珍 琛,1
倪侍講望醫巫閭山,1
望,1
寓凌河韻 時値冬至,1
浴寧遠湯泉,1
曉發遼陽聯句 正使昌山君,1
公州樓題,1
領相送左相赴京,1
左相赴京,1
黃海監司慶君世昌,1
景升韻 景升爲咸興敎授,1
梅月亭,1
快心亭,1
錦江暮泛,1
閔國瑞 祥安 朝燕京,1
正朝使金君璫,1
趙秀才,1
老杜,1
忠淸梁吉元都事,1
姜校理逍遙堂 文會,1
州妓 晉陽誌曰,1
印上人,1
李仲雍,1
柳牧上洛,1
李評事子伯 胤 赴平安兵營,1
呈耕隱李先生 孟專 ○戊戌,1
耕隱李先生 孟專 ○戊戌,1
遠 戊申,1
佔畢先生,1
螺和尙 庚戌,1
尙 庚戌,1
李評事子伯 胤,1
壯元,1
送近體,1
近體,1
橫城東軒,1
平昌東軒,1
顯道,1
齋集黃毛等物,1
同行柳殿中仲和,1
重賦答之,1
次韻重賦答之,1
仲和,1
柱間,1
簡齋韻 閏,1
齋韻 閏,1
李同年浩源,1
鄭應敎彥卿,1
秦生,1
府尹,1
洪彥邦,1
彥邦得冬字,1
禹子雲,1
實錄廳諸先生 此以下野城後,1
呈實錄廳諸先生 此以下野城後,1
惇之,1
李胄之,1
道壤守,1
孤姪慶世忠,1
琴菴公子 戊午,1
贈取別,1
取別,1
弟國卿,1
映湖樓 與金監司克成同賦,1
愛蓮堂,1
觀風樓 與文醴泉敬仝同賦,1
金山樓,1
永川光風堂,1
魚興海子游,1
李上舍景浩 滉 赴試在京,1
子姪,1
文忠公,1
兩上舍,1
李仲友 希雍 年兄出按海西,1
徐祐之 福慶,1
祐之,1
安竹窓挺然 珽,1
菊 去夏,1
金國卿 安國○庚子仲秋念,1
景明,1
封餘大鮮數尾,1
城主,1
黃學正 俊良 留別,1
黃學正覲還之行,1
周景遊以司成徑遞上洛,1
謝李使相復古,1
姜相國壽瑞詩 敍在下,1
李應敎錄呈行軒,1
李景浩寄新曆,1
新曆,1
汾川續,1
花牧永川唱酬之,1
兵曹參議之墳,1
芝舍,1
濯淸亭 金綏之請賦,1
雙碧亭,1
長條落香雪之句,1
學士絶句,1
監司趙松岡 士秀,1
丁使相 應斗,1
仲擧春日寄,1
文樑,1
寄退溪,1
柳叔春赴燕京,1
贈柳叔春赴燕京,1
唱絶筆云,1
金孚卿壁上韻 壁上,1
李秀才 璘,1
護行吏,1
長兒文樑,1
東山齋,1
琴上舍 元貞,1
景浩山中偶成,1
沖齋權相公 橃,1
山谷雪,1
映湖,1
陽樊壁上,1
安邊樓,1
柳子厚別舍弟宗,1
淸德樓,1
遼陽河秀才,1
公樂壁上,1
健之,1
朴子衍留別,1
子衍,1
姬兒,1
嶺南諸弟兄,1
謫歸時,1
都事陳植,1
復次 都事陳植,1
擇之韻 附擇之,1
子眞韻却寄,1
子眞韻却寄 附子眞,1
附子眞,1
川縣路上,1
子眞寄,1
洪涵虛先生,1
臺韻以寄,1
川縣,1
金檢詳,1
瀣輩讀書龍山,1
金國秉以引儀應聘赴京,1
子眞韻 時子眞爲忠淸監司,1
子眞韻 時子眞爲忠淸監司 附,1
子眞 附子眞,1
公碩,1
公碩韻 附公碩,1
秦智用,1
金監司國卿勸示安東諸生,1
安東諸生,1
金監司,1
曺舜卿 致虞 歸養,1
黃長原君叔度,1
有寧 節度咸鏡,1
方太和 有寧 節度咸鏡,1
金伯起 楊震 之任慶州,1
金士衡之任江陵,1
擇之 姓李,1
京洛知己,1
擇之朝燕,1
附仲說,1
成應卿,1
直卿仲說,1
容齋挹翠兩詩伯,1
之胤,1
諧仲,1
諧仲詩 附諧仲原,1
容齋居士,1
安齋詠雪,1
公碩赴燕京,1
直卿赴燕京,1
季文韻 附季文原,1
季文韻 選載箕雅,1
季文春雪,1
擇之赴燕京,1
子弘謝惠翰墨,1
易卜金嗣宗,1
宋使相恩府 軼,1
仲敬示余之,1
直卿韻 附直卿原,1
成之,1
睡叟,1
士華仲說,1
墨理書示之,1
文襄陽,1
咸昌板上,1
金居士,1
季文示紀懷之,1
紀懷之,1
強哉,1
士華仲說直卿,1
景劉長卿,1
獻之韻 附獻之原,1
士華,1
季文傷春,1
季文傷春韻 附季文原,1
金成之 就成,1
曺世虞,1
允師,1
別知賦 曹伸往馬島時也,1
行次別知賦 曹伸往馬島時也,1
靑雲起草廬,1
舍弟微之之松京讀書 微之,1
安琛相公朝天 安公字子珍,1
子眞 子眞,1
仁老,1
崔大司憲歸江陵 幷,1
洪彥國隨相公,1
李司成文興,1
李生 壽千,1
權道原寄示,1
道原咸家宴席,1
龍門寺住持義宗詩軸,1
玄默上人祖雨詩軸,1
權攀仲歸安東,1
洪君美 彥邦 風雨書懷,1
朴昌世 祥,1
孝仲見訪,1
亨仲別崔掌令 山斗,1
敏仲盤山道中,1
亨仲訪石鼓,1
愼希白平丘江堂,1
金上舍 潤德,1
李懷壁雙嶺下陣宿,1
朴府尹君實 英,1
諸益,1
孝仲,1
李判書希剛 長坤 贈道原,1
道原,1
金上舍贈耆伯亨仲,1
柳察訪 仁貴,1
信郁上人詩軸韻 郁,1
詩僧雪庵,1
恭伯炙背,1
幹之 幹見余,1
楊郞 老吟無節,1
李上舍,1
普願上人,1
國衡,1
信郁上人詩軸,1
祖禹,1
亨仲鴨綠江哀溺,1
席秀才,1
翰林,1
景仰,1
李懷壁,1
許叔起,1
洪直卿 彥忠,1
公碩登大關嶺韻 申企齋光漢,1
奉甲大用 鏛 韓元之 效元,1
丁佐郞 自堅 見訪,1
鄭祖禹韻寄李蔚之 蔚之,1
李蔚之 蔚之,1
趙都事 仁奎,1
鄭祖禹,1
李點馬 公檣 贈行,1
李懷壁湯站道中,1
醫者李懷璧,1
亨仲前,1
湯站途中李懷璧,1
月精寺僧法空詩軸,1
月精寺僧義敏詩軸,1
金士衡 彥平 琴軒 酸酒,1
權國衡 鈞,1
韓元之 效元 令公使軒,1
寄韓元之 效元 令公使軒,1
使相曁諸位,1
安南國使臣,1
甚多,1
宗詩卷,1
酒慕齋,1
文瑞出尹平壤,1
左相雙魚,1
山諸君,1
長興煕上人,1
上使寶山途中韻 代人,1
上使百祥樓韻 代人,1
史天使晩登太平樓,1
挺之出按海西 蔡世傑,1
李應明令公出按江原 夢亮,1
老仙赴慶尙節度,1
廳前杏花,1
徐綏之懶亭,1
昌武,1
和之城主,1
之城主,1
漢之,1
彥謙黃州館,1
